ISO-10303-21;
HEADER;
/* Generated by software containing ST-Developer
 * from STEP Tools, Inc. (www.steptools.com) 
 */
/* OPTION: using custom renumber hook */

FILE_DESCRIPTION(
/* description */ ('STEP AP242 Edition 2',
'CAx-IF Rec.Pracs.---Representation and Presentation of Product Manufa
cturing Information (PMI)---4.0---2014-10-13',
'CAx-IF Rec.Pracs.---3D Tessellated Geometry---0.4---2014-09-14','2;1',
'CAx-IF Rec.Pracs.---User Defined Attributes---1.5---2016-08-15'),
/* implementation_level */ '2;1');

FILE_NAME(
/* name */ 'Crescendo Case 2.0 - Crescendo Case 2.0',
/* time_stamp */ '2026-05-26T16:08:23Z',
/* author */ (''),
/* organization */ (''),
/* preprocessor_version */ 'ST-DEVELOPER v20',
/* originating_system */ 'ONSHAPE BY PTC INC, 1.215',
/* authorisation */ '  ');

FILE_SCHEMA (('AP242_MANAGED_MODEL_BASED_3D_ENGINEERING_MIM_LF { 1 0 10303 442 3 1 4 }'));
ENDSEC;

DATA;
#10=SHAPE_REPRESENTATION_RELATIONSHIP('','',#1658,#11);
#11=ADVANCED_BREP_SHAPE_REPRESENTATION('',(#1656),#2756);
#12=ELLIPSE('',#1783,0.00141421356237309,0.001);
#13=ELLIPSE('',#1787,0.00141421356237309,0.001);
#14=ELLIPSE('',#1789,0.00141421356237309,0.001);
#15=ELLIPSE('',#1793,0.00141421356237309,0.001);
#16=B_SPLINE_CURVE_WITH_KNOTS('',3,(#2554,#2555,#2556,#2557,#2558,#2559,
#2560,#2561,#2562,#2563,#2564,#2565),.UNSPECIFIED.,.F.,.F.,(4,1,1,1,1,1,
1,1,1,4),(0.,0.00299006707669223,0.00598013415338446,0.00897020123007669,
0.0119602683067689,0.0149503353834611,0.0179404024601534,0.0209304695368456,
0.0224255030751917,0.0239205366135378),.UNSPECIFIED.);
#17=B_SPLINE_CURVE_WITH_KNOTS('',3,(#2580,#2581,#2582,#2583,#2584,#2585,
#2586,#2587,#2588,#2589,#2590,#2591,#2592,#2593,#2594),.UNSPECIFIED.,.F.,
 .F.,(4,1,1,1,1,1,1,1,1,1,1,1,4),(0.,0.0019036133689561,0.0038072267379122,
0.00571084010686829,0.00761445347582439,0.0114216802137366,0.0152289069516488,
0.019036133689561,0.0228433604274732,0.0247469737964293,0.0266505871653854,
0.0285542005343415,0.0304578139032976),.UNSPECIFIED.);
#18=TOROIDAL_SURFACE('',#1742,0.012,0.0052);
#19=TOROIDAL_SURFACE('',#1746,0.0136,0.0052);
#20=CONICAL_SURFACE('',#1695,0.001199999999999,0.785398163397449);
#21=CONICAL_SURFACE('',#1698,0.001199999999999,0.785398163397449);
#22=CONICAL_SURFACE('',#1719,0.0014,0.785398163397448);
#23=CONICAL_SURFACE('',#1723,0.0014,0.785398163397448);
#24=CONICAL_SURFACE('',#1727,0.0014,0.785398163397448);
#25=CONICAL_SURFACE('',#1733,0.0014,0.785398163397448);
#26=CONICAL_SURFACE('',#1765,0.0022,0.785398163397449);
#27=CONICAL_SURFACE('',#1771,0.0022,0.785398163397449);
#28=CONICAL_SURFACE('',#1774,0.0022,0.785398163397446);
#29=CYLINDRICAL_SURFACE('',#1689,0.000799999999998997);
#30=CYLINDRICAL_SURFACE('',#1693,0.000799999999998997);
#31=CYLINDRICAL_SURFACE('',#1703,0.0016);
#32=CYLINDRICAL_SURFACE('',#1707,0.0016);
#33=CYLINDRICAL_SURFACE('',#1717,0.0012);
#34=CYLINDRICAL_SURFACE('',#1721,0.0012);
#35=CYLINDRICAL_SURFACE('',#1725,0.0012);
#36=CYLINDRICAL_SURFACE('',#1729,0.0012);
#37=CYLINDRICAL_SURFACE('',#1734,0.0036);
#38=CYLINDRICAL_SURFACE('',#1739,0.0172);
#39=CYLINDRICAL_SURFACE('',#1754,0.0188);
#40=CYLINDRICAL_SURFACE('',#1760,0.002);
#41=CYLINDRICAL_SURFACE('',#1763,0.002);
#42=CYLINDRICAL_SURFACE('',#1767,0.002);
#43=CYLINDRICAL_SURFACE('',#1794,0.001);
#44=CYLINDRICAL_SURFACE('',#1797,0.001);
#45=CYLINDRICAL_SURFACE('',#1800,0.001);
#46=CYLINDRICAL_SURFACE('',#1803,0.001);
#47=CIRCLE('',#1661,0.001);
#48=CIRCLE('',#1662,0.001);
#49=CIRCLE('',#1663,0.001);
#50=CIRCLE('',#1664,0.001);
#51=CIRCLE('',#1669,0.002);
#52=CIRCLE('',#1670,0.002);
#53=CIRCLE('',#1671,0.002);
#54=CIRCLE('',#1687,0.000799999999998997);
#55=CIRCLE('',#1688,0.000799999999998997);
#56=CIRCLE('',#1690,0.000799999999998997);
#57=CIRCLE('',#1694,0.000799999999998997);
#58=CIRCLE('',#1696,0.001599999999999);
#59=CIRCLE('',#1699,0.001599999999999);
#60=CIRCLE('',#1702,0.0016);
#61=CIRCLE('',#1704,0.0016);
#62=CIRCLE('',#1706,0.0016);
#63=CIRCLE('',#1708,0.0016);
#64=CIRCLE('',#1710,0.0012);
#65=CIRCLE('',#1712,0.0012);
#66=CIRCLE('',#1714,0.0012);
#67=CIRCLE('',#1716,0.0012);
#68=CIRCLE('',#1718,0.0012);
#69=CIRCLE('',#1720,0.0016);
#70=CIRCLE('',#1722,0.0012);
#71=CIRCLE('',#1724,0.0016);
#72=CIRCLE('',#1726,0.0012);
#73=CIRCLE('',#1728,0.0016);
#74=CIRCLE('',#1730,0.0012);
#75=CIRCLE('',#1732,0.0016);
#76=CIRCLE('',#1735,0.0036);
#77=CIRCLE('',#1736,0.0036);
#78=CIRCLE('',#1738,0.012);
#79=CIRCLE('',#1740,0.0172);
#80=CIRCLE('',#1741,0.0172);
#81=CIRCLE('',#1743,0.0171845925587263);
#82=CIRCLE('',#1745,0.0136);
#83=CIRCLE('',#1747,0.0188);
#84=CIRCLE('',#1748,0.0188);
#85=CIRCLE('',#1749,0.0188);
#86=CIRCLE('',#1755,0.0188);
#87=CIRCLE('',#1761,0.002);
#88=CIRCLE('',#1764,0.002);
#89=CIRCLE('',#1766,0.0024);
#90=CIRCLE('',#1768,0.002);
#91=CIRCLE('',#1772,0.0024);
#92=CIRCLE('',#1775,0.0024);
#93=CIRCLE('',#1795,0.001);
#94=CIRCLE('',#1798,0.001);
#95=CIRCLE('',#1801,0.001);
#96=CIRCLE('',#1804,0.001);
#97=ORIENTED_EDGE('',*,*,#521,.T.);
#98=ORIENTED_EDGE('',*,*,#522,.F.);
#99=ORIENTED_EDGE('',*,*,#523,.F.);
#100=ORIENTED_EDGE('',*,*,#524,.T.);
#101=ORIENTED_EDGE('',*,*,#525,.T.);
#102=ORIENTED_EDGE('',*,*,#526,.T.);
#103=ORIENTED_EDGE('',*,*,#527,.T.);
#104=ORIENTED_EDGE('',*,*,#528,.F.);
#105=ORIENTED_EDGE('',*,*,#529,.F.);
#106=ORIENTED_EDGE('',*,*,#530,.T.);
#107=ORIENTED_EDGE('',*,*,#531,.T.);
#108=ORIENTED_EDGE('',*,*,#532,.T.);
#109=ORIENTED_EDGE('',*,*,#533,.T.);
#110=ORIENTED_EDGE('',*,*,#534,.T.);
#111=ORIENTED_EDGE('',*,*,#535,.T.);
#112=ORIENTED_EDGE('',*,*,#536,.T.);
#113=ORIENTED_EDGE('',*,*,#537,.T.);
#114=ORIENTED_EDGE('',*,*,#538,.T.);
#115=ORIENTED_EDGE('',*,*,#539,.T.);
#116=ORIENTED_EDGE('',*,*,#540,.T.);
#117=ORIENTED_EDGE('',*,*,#541,.F.);
#118=ORIENTED_EDGE('',*,*,#542,.T.);
#119=ORIENTED_EDGE('',*,*,#538,.F.);
#120=ORIENTED_EDGE('',*,*,#543,.F.);
#121=ORIENTED_EDGE('',*,*,#544,.T.);
#122=ORIENTED_EDGE('',*,*,#545,.T.);
#123=ORIENTED_EDGE('',*,*,#546,.T.);
#124=ORIENTED_EDGE('',*,*,#547,.T.);
#125=ORIENTED_EDGE('',*,*,#548,.T.);
#126=ORIENTED_EDGE('',*,*,#549,.T.);
#127=ORIENTED_EDGE('',*,*,#550,.T.);
#128=ORIENTED_EDGE('',*,*,#551,.T.);
#129=ORIENTED_EDGE('',*,*,#552,.T.);
#130=ORIENTED_EDGE('',*,*,#553,.T.);
#131=ORIENTED_EDGE('',*,*,#554,.T.);
#132=ORIENTED_EDGE('',*,*,#555,.F.);
#133=ORIENTED_EDGE('',*,*,#556,.T.);
#134=ORIENTED_EDGE('',*,*,#557,.T.);
#135=ORIENTED_EDGE('',*,*,#558,.T.);
#136=ORIENTED_EDGE('',*,*,#559,.F.);
#137=ORIENTED_EDGE('',*,*,#560,.T.);
#138=ORIENTED_EDGE('',*,*,#561,.T.);
#139=ORIENTED_EDGE('',*,*,#527,.F.);
#140=ORIENTED_EDGE('',*,*,#562,.T.);
#141=ORIENTED_EDGE('',*,*,#563,.T.);
#142=ORIENTED_EDGE('',*,*,#564,.T.);
#143=ORIENTED_EDGE('',*,*,#565,.T.);
#144=ORIENTED_EDGE('',*,*,#566,.T.);
#145=ORIENTED_EDGE('',*,*,#567,.T.);
#146=ORIENTED_EDGE('',*,*,#568,.T.);
#147=ORIENTED_EDGE('',*,*,#521,.F.);
#148=ORIENTED_EDGE('',*,*,#569,.T.);
#149=ORIENTED_EDGE('',*,*,#570,.T.);
#150=ORIENTED_EDGE('',*,*,#571,.T.);
#151=ORIENTED_EDGE('',*,*,#572,.T.);
#152=ORIENTED_EDGE('',*,*,#573,.F.);
#153=ORIENTED_EDGE('',*,*,#574,.T.);
#154=ORIENTED_EDGE('',*,*,#551,.F.);
#155=ORIENTED_EDGE('',*,*,#575,.T.);
#156=ORIENTED_EDGE('',*,*,#576,.T.);
#157=ORIENTED_EDGE('',*,*,#577,.F.);
#158=ORIENTED_EDGE('',*,*,#578,.F.);
#159=ORIENTED_EDGE('',*,*,#549,.F.);
#160=ORIENTED_EDGE('',*,*,#579,.T.);
#161=ORIENTED_EDGE('',*,*,#580,.F.);
#162=ORIENTED_EDGE('',*,*,#581,.T.);
#163=ORIENTED_EDGE('',*,*,#582,.F.);
#164=ORIENTED_EDGE('',*,*,#548,.F.);
#165=ORIENTED_EDGE('',*,*,#578,.T.);
#166=ORIENTED_EDGE('',*,*,#583,.F.);
#167=ORIENTED_EDGE('',*,*,#579,.F.);
#168=ORIENTED_EDGE('',*,*,#584,.F.);
#169=ORIENTED_EDGE('',*,*,#585,.T.);
#170=ORIENTED_EDGE('',*,*,#545,.F.);
#171=ORIENTED_EDGE('',*,*,#586,.F.);
#172=ORIENTED_EDGE('',*,*,#587,.F.);
#173=ORIENTED_EDGE('',*,*,#588,.T.);
#174=ORIENTED_EDGE('',*,*,#546,.F.);
#175=ORIENTED_EDGE('',*,*,#585,.F.);
#176=ORIENTED_EDGE('',*,*,#589,.F.);
#177=ORIENTED_EDGE('',*,*,#575,.F.);
#178=ORIENTED_EDGE('',*,*,#550,.F.);
#179=ORIENTED_EDGE('',*,*,#582,.T.);
#180=ORIENTED_EDGE('',*,*,#576,.F.);
#181=ORIENTED_EDGE('',*,*,#589,.T.);
#182=ORIENTED_EDGE('',*,*,#581,.F.);
#183=ORIENTED_EDGE('',*,*,#590,.T.);
#184=ORIENTED_EDGE('',*,*,#591,.F.);
#185=ORIENTED_EDGE('',*,*,#592,.F.);
#186=ORIENTED_EDGE('',*,*,#593,.F.);
#187=ORIENTED_EDGE('',*,*,#594,.F.);
#188=ORIENTED_EDGE('',*,*,#595,.F.);
#189=ORIENTED_EDGE('',*,*,#596,.T.);
#190=ORIENTED_EDGE('',*,*,#597,.F.);
#191=ORIENTED_EDGE('',*,*,#598,.F.);
#192=ORIENTED_EDGE('',*,*,#599,.F.);
#193=ORIENTED_EDGE('',*,*,#586,.T.);
#194=ORIENTED_EDGE('',*,*,#544,.F.);
#195=ORIENTED_EDGE('',*,*,#600,.F.);
#196=ORIENTED_EDGE('',*,*,#601,.F.);
#197=ORIENTED_EDGE('',*,*,#600,.T.);
#198=ORIENTED_EDGE('',*,*,#547,.F.);
#199=ORIENTED_EDGE('',*,*,#588,.F.);
#200=ORIENTED_EDGE('',*,*,#592,.T.);
#201=ORIENTED_EDGE('',*,*,#602,.F.);
#202=ORIENTED_EDGE('',*,*,#601,.T.);
#203=ORIENTED_EDGE('',*,*,#603,.F.);
#204=ORIENTED_EDGE('',*,*,#587,.T.);
#205=ORIENTED_EDGE('',*,*,#604,.F.);
#206=ORIENTED_EDGE('',*,*,#593,.T.);
#207=ORIENTED_EDGE('',*,*,#603,.T.);
#208=ORIENTED_EDGE('',*,*,#594,.T.);
#209=ORIENTED_EDGE('',*,*,#604,.T.);
#210=ORIENTED_EDGE('',*,*,#584,.T.);
#211=ORIENTED_EDGE('',*,*,#605,.F.);
#212=ORIENTED_EDGE('',*,*,#591,.T.);
#213=ORIENTED_EDGE('',*,*,#605,.T.);
#214=ORIENTED_EDGE('',*,*,#599,.T.);
#215=ORIENTED_EDGE('',*,*,#602,.T.);
#216=ORIENTED_EDGE('',*,*,#606,.F.);
#217=ORIENTED_EDGE('',*,*,#607,.F.);
#218=ORIENTED_EDGE('',*,*,#608,.F.);
#219=ORIENTED_EDGE('',*,*,#609,.F.);
#220=ORIENTED_EDGE('',*,*,#610,.F.);
#221=ORIENTED_EDGE('',*,*,#611,.T.);
#222=ORIENTED_EDGE('',*,*,#606,.T.);
#223=ORIENTED_EDGE('',*,*,#612,.F.);
#224=ORIENTED_EDGE('',*,*,#613,.F.);
#225=ORIENTED_EDGE('',*,*,#614,.T.);
#226=ORIENTED_EDGE('',*,*,#607,.T.);
#227=ORIENTED_EDGE('',*,*,#611,.F.);
#228=ORIENTED_EDGE('',*,*,#615,.F.);
#229=ORIENTED_EDGE('',*,*,#612,.T.);
#230=ORIENTED_EDGE('',*,*,#609,.T.);
#231=ORIENTED_EDGE('',*,*,#616,.F.);
#232=ORIENTED_EDGE('',*,*,#617,.F.);
#233=ORIENTED_EDGE('',*,*,#616,.T.);
#234=ORIENTED_EDGE('',*,*,#608,.T.);
#235=ORIENTED_EDGE('',*,*,#614,.F.);
#236=ORIENTED_EDGE('',*,*,#618,.F.);
#237=ORIENTED_EDGE('',*,*,#619,.T.);
#238=ORIENTED_EDGE('',*,*,#620,.F.);
#239=ORIENTED_EDGE('',*,*,#610,.T.);
#240=ORIENTED_EDGE('',*,*,#620,.T.);
#241=ORIENTED_EDGE('',*,*,#621,.T.);
#242=ORIENTED_EDGE('',*,*,#622,.F.);
#243=ORIENTED_EDGE('',*,*,#613,.T.);
#244=ORIENTED_EDGE('',*,*,#622,.T.);
#245=ORIENTED_EDGE('',*,*,#623,.T.);
#246=ORIENTED_EDGE('',*,*,#624,.F.);
#247=ORIENTED_EDGE('',*,*,#617,.T.);
#248=ORIENTED_EDGE('',*,*,#624,.T.);
#249=ORIENTED_EDGE('',*,*,#625,.T.);
#250=ORIENTED_EDGE('',*,*,#618,.T.);
#251=ORIENTED_EDGE('',*,*,#615,.T.);
#252=ORIENTED_EDGE('',*,*,#626,.F.);
#253=ORIENTED_EDGE('',*,*,#626,.T.);
#254=ORIENTED_EDGE('',*,*,#627,.F.);
#255=ORIENTED_EDGE('',*,*,#628,.F.);
#256=ORIENTED_EDGE('',*,*,#628,.T.);
#257=ORIENTED_EDGE('',*,*,#629,.F.);
#258=ORIENTED_EDGE('',*,*,#630,.F.);
#259=ORIENTED_EDGE('',*,*,#631,.F.);
#260=ORIENTED_EDGE('',*,*,#632,.F.);
#261=ORIENTED_EDGE('',*,*,#633,.F.);
#262=ORIENTED_EDGE('',*,*,#631,.T.);
#263=ORIENTED_EDGE('',*,*,#634,.F.);
#264=ORIENTED_EDGE('',*,*,#634,.T.);
#265=ORIENTED_EDGE('',*,*,#635,.T.);
#266=ORIENTED_EDGE('',*,*,#630,.T.);
#267=ORIENTED_EDGE('',*,*,#636,.F.);
#268=ORIENTED_EDGE('',*,*,#636,.T.);
#269=ORIENTED_EDGE('',*,*,#637,.T.);
#270=ORIENTED_EDGE('',*,*,#633,.T.);
#271=ORIENTED_EDGE('',*,*,#638,.F.);
#272=ORIENTED_EDGE('',*,*,#638,.T.);
#273=ORIENTED_EDGE('',*,*,#639,.T.);
#274=ORIENTED_EDGE('',*,*,#632,.T.);
#275=ORIENTED_EDGE('',*,*,#640,.F.);
#276=ORIENTED_EDGE('',*,*,#641,.F.);
#277=ORIENTED_EDGE('',*,*,#637,.F.);
#278=ORIENTED_EDGE('',*,*,#625,.F.);
#279=ORIENTED_EDGE('',*,*,#623,.F.);
#280=ORIENTED_EDGE('',*,*,#621,.F.);
#281=ORIENTED_EDGE('',*,*,#619,.F.);
#282=ORIENTED_EDGE('',*,*,#580,.T.);
#283=ORIENTED_EDGE('',*,*,#583,.T.);
#284=ORIENTED_EDGE('',*,*,#577,.T.);
#285=ORIENTED_EDGE('',*,*,#590,.F.);
#286=ORIENTED_EDGE('',*,*,#627,.T.);
#287=ORIENTED_EDGE('',*,*,#629,.T.);
#288=ORIENTED_EDGE('',*,*,#635,.F.);
#289=ORIENTED_EDGE('',*,*,#639,.F.);
#290=ORIENTED_EDGE('',*,*,#554,.F.);
#291=ORIENTED_EDGE('',*,*,#642,.F.);
#292=ORIENTED_EDGE('',*,*,#572,.F.);
#293=ORIENTED_EDGE('',*,*,#643,.F.);
#294=ORIENTED_EDGE('',*,*,#640,.T.);
#295=ORIENTED_EDGE('',*,*,#641,.T.);
#296=ORIENTED_EDGE('',*,*,#644,.T.);
#297=ORIENTED_EDGE('',*,*,#645,.F.);
#298=ORIENTED_EDGE('',*,*,#644,.F.);
#299=ORIENTED_EDGE('',*,*,#646,.F.);
#300=ORIENTED_EDGE('',*,*,#647,.F.);
#301=ORIENTED_EDGE('',*,*,#648,.F.);
#302=ORIENTED_EDGE('',*,*,#647,.T.);
#303=ORIENTED_EDGE('',*,*,#649,.T.);
#304=ORIENTED_EDGE('',*,*,#650,.T.);
#305=ORIENTED_EDGE('',*,*,#646,.T.);
#306=ORIENTED_EDGE('',*,*,#645,.T.);
#307=ORIENTED_EDGE('',*,*,#651,.F.);
#308=ORIENTED_EDGE('',*,*,#652,.T.);
#309=ORIENTED_EDGE('',*,*,#653,.T.);
#310=ORIENTED_EDGE('',*,*,#654,.T.);
#311=ORIENTED_EDGE('',*,*,#655,.T.);
#312=ORIENTED_EDGE('',*,*,#651,.T.);
#313=ORIENTED_EDGE('',*,*,#655,.F.);
#314=ORIENTED_EDGE('',*,*,#656,.F.);
#315=ORIENTED_EDGE('',*,*,#657,.T.);
#316=ORIENTED_EDGE('',*,*,#649,.F.);
#317=ORIENTED_EDGE('',*,*,#658,.T.);
#318=ORIENTED_EDGE('',*,*,#659,.F.);
#319=ORIENTED_EDGE('',*,*,#660,.T.);
#320=ORIENTED_EDGE('',*,*,#557,.F.);
#321=ORIENTED_EDGE('',*,*,#661,.T.);
#322=ORIENTED_EDGE('',*,*,#654,.F.);
#323=ORIENTED_EDGE('',*,*,#662,.F.);
#324=ORIENTED_EDGE('',*,*,#558,.F.);
#325=ORIENTED_EDGE('',*,*,#660,.F.);
#326=ORIENTED_EDGE('',*,*,#663,.F.);
#327=ORIENTED_EDGE('',*,*,#664,.F.);
#328=ORIENTED_EDGE('',*,*,#656,.T.);
#329=ORIENTED_EDGE('',*,*,#661,.F.);
#330=ORIENTED_EDGE('',*,*,#556,.F.);
#331=ORIENTED_EDGE('',*,*,#665,.T.);
#332=ORIENTED_EDGE('',*,*,#666,.F.);
#333=ORIENTED_EDGE('',*,*,#663,.T.);
#334=ORIENTED_EDGE('',*,*,#653,.F.);
#335=ORIENTED_EDGE('',*,*,#667,.T.);
#336=ORIENTED_EDGE('',*,*,#668,.T.);
#337=ORIENTED_EDGE('',*,*,#669,.T.);
#338=ORIENTED_EDGE('',*,*,#652,.F.);
#339=ORIENTED_EDGE('',*,*,#670,.F.);
#340=ORIENTED_EDGE('',*,*,#671,.T.);
#341=ORIENTED_EDGE('',*,*,#667,.F.);
#342=ORIENTED_EDGE('',*,*,#659,.T.);
#343=ORIENTED_EDGE('',*,*,#672,.F.);
#344=ORIENTED_EDGE('',*,*,#673,.T.);
#345=ORIENTED_EDGE('',*,*,#668,.F.);
#346=ORIENTED_EDGE('',*,*,#671,.F.);
#347=ORIENTED_EDGE('',*,*,#674,.F.);
#348=ORIENTED_EDGE('',*,*,#665,.F.);
#349=ORIENTED_EDGE('',*,*,#669,.F.);
#350=ORIENTED_EDGE('',*,*,#673,.F.);
#351=ORIENTED_EDGE('',*,*,#675,.F.);
#352=ORIENTED_EDGE('',*,*,#676,.T.);
#353=ORIENTED_EDGE('',*,*,#564,.F.);
#354=ORIENTED_EDGE('',*,*,#677,.F.);
#355=ORIENTED_EDGE('',*,*,#678,.F.);
#356=ORIENTED_EDGE('',*,*,#677,.T.);
#357=ORIENTED_EDGE('',*,*,#563,.F.);
#358=ORIENTED_EDGE('',*,*,#679,.F.);
#359=ORIENTED_EDGE('',*,*,#567,.F.);
#360=ORIENTED_EDGE('',*,*,#680,.F.);
#361=ORIENTED_EDGE('',*,*,#680,.T.);
#362=ORIENTED_EDGE('',*,*,#681,.T.);
#363=ORIENTED_EDGE('',*,*,#682,.F.);
#364=ORIENTED_EDGE('',*,*,#679,.T.);
#365=ORIENTED_EDGE('',*,*,#566,.F.);
#366=ORIENTED_EDGE('',*,*,#683,.F.);
#367=ORIENTED_EDGE('',*,*,#684,.F.);
#368=ORIENTED_EDGE('',*,*,#683,.T.);
#369=ORIENTED_EDGE('',*,*,#565,.F.);
#370=ORIENTED_EDGE('',*,*,#676,.F.);
#371=ORIENTED_EDGE('',*,*,#685,.F.);
#372=ORIENTED_EDGE('',*,*,#686,.T.);
#373=ORIENTED_EDGE('',*,*,#687,.F.);
#374=ORIENTED_EDGE('',*,*,#678,.T.);
#375=ORIENTED_EDGE('',*,*,#687,.T.);
#376=ORIENTED_EDGE('',*,*,#688,.T.);
#377=ORIENTED_EDGE('',*,*,#689,.F.);
#378=ORIENTED_EDGE('',*,*,#675,.T.);
#379=ORIENTED_EDGE('',*,*,#689,.T.);
#380=ORIENTED_EDGE('',*,*,#690,.T.);
#381=ORIENTED_EDGE('',*,*,#691,.F.);
#382=ORIENTED_EDGE('',*,*,#684,.T.);
#383=ORIENTED_EDGE('',*,*,#691,.T.);
#384=ORIENTED_EDGE('',*,*,#692,.T.);
#385=ORIENTED_EDGE('',*,*,#685,.T.);
#386=ORIENTED_EDGE('',*,*,#682,.T.);
#387=ORIENTED_EDGE('',*,*,#693,.F.);
#388=ORIENTED_EDGE('',*,*,#569,.F.);
#389=ORIENTED_EDGE('',*,*,#532,.F.);
#390=ORIENTED_EDGE('',*,*,#694,.T.);
#391=ORIENTED_EDGE('',*,*,#695,.F.);
#392=ORIENTED_EDGE('',*,*,#694,.F.);
#393=ORIENTED_EDGE('',*,*,#531,.F.);
#394=ORIENTED_EDGE('',*,*,#696,.F.);
#395=ORIENTED_EDGE('',*,*,#697,.T.);
#396=ORIENTED_EDGE('',*,*,#698,.T.);
#397=ORIENTED_EDGE('',*,*,#559,.T.);
#398=ORIENTED_EDGE('',*,*,#662,.T.);
#399=ORIENTED_EDGE('',*,*,#666,.T.);
#400=ORIENTED_EDGE('',*,*,#674,.T.);
#401=ORIENTED_EDGE('',*,*,#672,.T.);
#402=ORIENTED_EDGE('',*,*,#670,.T.);
#403=ORIENTED_EDGE('',*,*,#658,.F.);
#404=ORIENTED_EDGE('',*,*,#650,.F.);
#405=ORIENTED_EDGE('',*,*,#657,.F.);
#406=ORIENTED_EDGE('',*,*,#664,.T.);
#407=ORIENTED_EDGE('',*,*,#555,.T.);
#408=ORIENTED_EDGE('',*,*,#643,.T.);
#409=ORIENTED_EDGE('',*,*,#571,.F.);
#410=ORIENTED_EDGE('',*,*,#699,.T.);
#411=ORIENTED_EDGE('',*,*,#696,.T.);
#412=ORIENTED_EDGE('',*,*,#530,.F.);
#413=ORIENTED_EDGE('',*,*,#700,.T.);
#414=ORIENTED_EDGE('',*,*,#524,.F.);
#415=ORIENTED_EDGE('',*,*,#701,.T.);
#416=ORIENTED_EDGE('',*,*,#702,.T.);
#417=ORIENTED_EDGE('',*,*,#573,.T.);
#418=ORIENTED_EDGE('',*,*,#642,.T.);
#419=ORIENTED_EDGE('',*,*,#553,.F.);
#420=ORIENTED_EDGE('',*,*,#703,.T.);
#421=ORIENTED_EDGE('',*,*,#704,.F.);
#422=ORIENTED_EDGE('',*,*,#562,.F.);
#423=ORIENTED_EDGE('',*,*,#526,.F.);
#424=ORIENTED_EDGE('',*,*,#705,.T.);
#425=ORIENTED_EDGE('',*,*,#706,.F.);
#426=ORIENTED_EDGE('',*,*,#705,.F.);
#427=ORIENTED_EDGE('',*,*,#525,.F.);
#428=ORIENTED_EDGE('',*,*,#700,.F.);
#429=ORIENTED_EDGE('',*,*,#707,.T.);
#430=ORIENTED_EDGE('',*,*,#708,.T.);
#431=ORIENTED_EDGE('',*,*,#693,.T.);
#432=ORIENTED_EDGE('',*,*,#695,.T.);
#433=ORIENTED_EDGE('',*,*,#699,.F.);
#434=ORIENTED_EDGE('',*,*,#570,.F.);
#435=ORIENTED_EDGE('',*,*,#709,.F.);
#436=ORIENTED_EDGE('',*,*,#701,.F.);
#437=ORIENTED_EDGE('',*,*,#523,.T.);
#438=ORIENTED_EDGE('',*,*,#710,.T.);
#439=ORIENTED_EDGE('',*,*,#711,.F.);
#440=ORIENTED_EDGE('',*,*,#710,.F.);
#441=ORIENTED_EDGE('',*,*,#522,.T.);
#442=ORIENTED_EDGE('',*,*,#568,.F.);
#443=ORIENTED_EDGE('',*,*,#712,.T.);
#444=ORIENTED_EDGE('',*,*,#713,.T.);
#445=ORIENTED_EDGE('',*,*,#711,.T.);
#446=ORIENTED_EDGE('',*,*,#574,.F.);
#447=ORIENTED_EDGE('',*,*,#702,.F.);
#448=ORIENTED_EDGE('',*,*,#709,.T.);
#449=ORIENTED_EDGE('',*,*,#714,.T.);
#450=ORIENTED_EDGE('',*,*,#715,.T.);
#451=ORIENTED_EDGE('',*,*,#704,.T.);
#452=ORIENTED_EDGE('',*,*,#706,.T.);
#453=ORIENTED_EDGE('',*,*,#703,.F.);
#454=ORIENTED_EDGE('',*,*,#552,.F.);
#455=ORIENTED_EDGE('',*,*,#716,.F.);
#456=ORIENTED_EDGE('',*,*,#697,.F.);
#457=ORIENTED_EDGE('',*,*,#529,.T.);
#458=ORIENTED_EDGE('',*,*,#717,.T.);
#459=ORIENTED_EDGE('',*,*,#718,.F.);
#460=ORIENTED_EDGE('',*,*,#717,.F.);
#461=ORIENTED_EDGE('',*,*,#528,.T.);
#462=ORIENTED_EDGE('',*,*,#561,.F.);
#463=ORIENTED_EDGE('',*,*,#719,.T.);
#464=ORIENTED_EDGE('',*,*,#720,.T.);
#465=ORIENTED_EDGE('',*,*,#718,.T.);
#466=ORIENTED_EDGE('',*,*,#560,.F.);
#467=ORIENTED_EDGE('',*,*,#698,.F.);
#468=ORIENTED_EDGE('',*,*,#716,.T.);
#469=ORIENTED_EDGE('',*,*,#714,.F.);
#470=ORIENTED_EDGE('',*,*,#721,.T.);
#471=ORIENTED_EDGE('',*,*,#533,.F.);
#472=ORIENTED_EDGE('',*,*,#715,.F.);
#473=ORIENTED_EDGE('',*,*,#721,.F.);
#474=ORIENTED_EDGE('',*,*,#722,.T.);
#475=ORIENTED_EDGE('',*,*,#712,.F.);
#476=ORIENTED_EDGE('',*,*,#534,.F.);
#477=ORIENTED_EDGE('',*,*,#713,.F.);
#478=ORIENTED_EDGE('',*,*,#722,.F.);
#479=ORIENTED_EDGE('',*,*,#719,.F.);
#480=ORIENTED_EDGE('',*,*,#723,.T.);
#481=ORIENTED_EDGE('',*,*,#535,.F.);
#482=ORIENTED_EDGE('',*,*,#720,.F.);
#483=ORIENTED_EDGE('',*,*,#723,.F.);
#484=ORIENTED_EDGE('',*,*,#724,.T.);
#485=ORIENTED_EDGE('',*,*,#707,.F.);
#486=ORIENTED_EDGE('',*,*,#536,.F.);
#487=ORIENTED_EDGE('',*,*,#708,.F.);
#488=ORIENTED_EDGE('',*,*,#724,.F.);
#489=ORIENTED_EDGE('',*,*,#648,.T.);
#490=ORIENTED_EDGE('',*,*,#725,.F.);
#491=ORIENTED_EDGE('',*,*,#543,.T.);
#492=ORIENTED_EDGE('',*,*,#537,.F.);
#493=ORIENTED_EDGE('',*,*,#726,.F.);
#494=ORIENTED_EDGE('',*,*,#681,.F.);
#495=ORIENTED_EDGE('',*,*,#692,.F.);
#496=ORIENTED_EDGE('',*,*,#690,.F.);
#497=ORIENTED_EDGE('',*,*,#688,.F.);
#498=ORIENTED_EDGE('',*,*,#686,.F.);
#499=ORIENTED_EDGE('',*,*,#727,.F.);
#500=ORIENTED_EDGE('',*,*,#726,.T.);
#501=ORIENTED_EDGE('',*,*,#540,.F.);
#502=ORIENTED_EDGE('',*,*,#728,.F.);
#503=ORIENTED_EDGE('',*,*,#729,.F.);
#504=ORIENTED_EDGE('',*,*,#728,.T.);
#505=ORIENTED_EDGE('',*,*,#539,.F.);
#506=ORIENTED_EDGE('',*,*,#542,.F.);
#507=ORIENTED_EDGE('',*,*,#730,.F.);
#508=ORIENTED_EDGE('',*,*,#596,.F.);
#509=ORIENTED_EDGE('',*,*,#727,.T.);
#510=ORIENTED_EDGE('',*,*,#729,.T.);
#511=ORIENTED_EDGE('',*,*,#595,.T.);
#512=ORIENTED_EDGE('',*,*,#731,.F.);
#513=ORIENTED_EDGE('',*,*,#597,.T.);
#514=ORIENTED_EDGE('',*,*,#730,.T.);
#515=ORIENTED_EDGE('',*,*,#541,.T.);
#516=ORIENTED_EDGE('',*,*,#732,.F.);
#517=ORIENTED_EDGE('',*,*,#598,.T.);
#518=ORIENTED_EDGE('',*,*,#732,.T.);
#519=ORIENTED_EDGE('',*,*,#725,.T.);
#520=ORIENTED_EDGE('',*,*,#731,.T.);
#521=EDGE_CURVE('',#733,#734,#878,.T.);
#522=EDGE_CURVE('',#735,#734,#879,.T.);
#523=EDGE_CURVE('',#736,#735,#880,.T.);
#524=EDGE_CURVE('',#736,#737,#881,.T.);
#525=EDGE_CURVE('',#737,#738,#882,.T.);
#526=EDGE_CURVE('',#738,#739,#883,.T.);
#527=EDGE_CURVE('',#739,#740,#884,.T.);
#528=EDGE_CURVE('',#741,#740,#885,.T.);
#529=EDGE_CURVE('',#742,#741,#886,.T.);
#530=EDGE_CURVE('',#742,#743,#887,.T.);
#531=EDGE_CURVE('',#743,#744,#888,.T.);
#532=EDGE_CURVE('',#744,#733,#889,.T.);
#533=EDGE_CURVE('',#745,#745,#47,.T.);
#534=EDGE_CURVE('',#746,#746,#48,.T.);
#535=EDGE_CURVE('',#747,#747,#49,.T.);
#536=EDGE_CURVE('',#748,#748,#50,.T.);
#537=EDGE_CURVE('',#749,#750,#890,.T.);
#538=EDGE_CURVE('',#750,#751,#891,.T.);
#539=EDGE_CURVE('',#751,#752,#892,.T.);
#540=EDGE_CURVE('',#752,#749,#893,.T.);
#541=EDGE_CURVE('',#753,#754,#894,.T.);
#542=EDGE_CURVE('',#753,#751,#895,.T.);
#543=EDGE_CURVE('',#754,#750,#896,.T.);
#544=EDGE_CURVE('',#755,#756,#897,.T.);
#545=EDGE_CURVE('',#756,#757,#898,.T.);
#546=EDGE_CURVE('',#757,#758,#899,.T.);
#547=EDGE_CURVE('',#758,#755,#900,.T.);
#548=EDGE_CURVE('',#759,#760,#901,.T.);
#549=EDGE_CURVE('',#760,#761,#902,.T.);
#550=EDGE_CURVE('',#761,#762,#903,.T.);
#551=EDGE_CURVE('',#762,#759,#904,.T.);
#552=EDGE_CURVE('',#763,#764,#905,.T.);
#553=EDGE_CURVE('',#764,#765,#906,.T.);
#554=EDGE_CURVE('',#765,#766,#907,.T.);
#555=EDGE_CURVE('',#767,#766,#908,.T.);
#556=EDGE_CURVE('',#767,#768,#909,.T.);
#557=EDGE_CURVE('',#768,#769,#910,.T.);
#558=EDGE_CURVE('',#769,#770,#911,.T.);
#559=EDGE_CURVE('',#771,#770,#912,.T.);
#560=EDGE_CURVE('',#771,#772,#913,.T.);
#561=EDGE_CURVE('',#772,#740,#914,.T.);
#562=EDGE_CURVE('',#739,#763,#915,.T.);
#563=EDGE_CURVE('',#773,#774,#916,.T.);
#564=EDGE_CURVE('',#774,#775,#51,.T.);
#565=EDGE_CURVE('',#775,#776,#917,.T.);
#566=EDGE_CURVE('',#776,#773,#52,.T.);
#567=EDGE_CURVE('',#777,#777,#53,.T.);
#568=EDGE_CURVE('',#778,#734,#918,.T.);
#569=EDGE_CURVE('',#733,#779,#919,.T.);
#570=EDGE_CURVE('',#779,#780,#920,.T.);
#571=EDGE_CURVE('',#780,#781,#921,.T.);
#572=EDGE_CURVE('',#781,#782,#922,.T.);
#573=EDGE_CURVE('',#783,#782,#923,.T.);
#574=EDGE_CURVE('',#783,#778,#924,.T.);
#575=EDGE_CURVE('',#762,#784,#925,.T.);
#576=EDGE_CURVE('',#784,#785,#926,.T.);
#577=EDGE_CURVE('',#786,#785,#927,.T.);
#578=EDGE_CURVE('',#759,#786,#928,.T.);
#579=EDGE_CURVE('',#760,#787,#929,.T.);
#580=EDGE_CURVE('',#788,#787,#930,.T.);
#581=EDGE_CURVE('',#788,#789,#931,.T.);
#582=EDGE_CURVE('',#761,#789,#932,.T.);
#583=EDGE_CURVE('',#787,#786,#933,.T.);
#584=EDGE_CURVE('',#790,#791,#934,.T.);
#585=EDGE_CURVE('',#790,#757,#935,.T.);
#586=EDGE_CURVE('',#791,#756,#936,.T.);
#587=EDGE_CURVE('',#792,#790,#937,.T.);
#588=EDGE_CURVE('',#792,#758,#938,.T.);
#589=EDGE_CURVE('',#784,#789,#939,.T.);
#590=EDGE_CURVE('',#788,#785,#940,.T.);
#591=EDGE_CURVE('',#793,#794,#941,.T.);
#592=EDGE_CURVE('',#795,#793,#942,.T.);
#593=EDGE_CURVE('',#796,#795,#943,.T.);
#594=EDGE_CURVE('',#794,#796,#944,.T.);
#595=EDGE_CURVE('',#797,#798,#945,.T.);
#596=EDGE_CURVE('',#797,#799,#946,.T.);
#597=EDGE_CURVE('',#800,#799,#947,.T.);
#598=EDGE_CURVE('',#798,#800,#948,.T.);
#599=EDGE_CURVE('',#791,#801,#949,.T.);
#600=EDGE_CURVE('',#801,#755,#950,.T.);
#601=EDGE_CURVE('',#801,#792,#951,.T.);
#602=EDGE_CURVE('',#801,#793,#952,.T.);
#603=EDGE_CURVE('',#795,#792,#953,.T.);
#604=EDGE_CURVE('',#796,#790,#954,.T.);
#605=EDGE_CURVE('',#794,#791,#955,.T.);
#606=EDGE_CURVE('',#802,#803,#54,.T.);
#607=EDGE_CURVE('',#804,#802,#956,.T.);
#608=EDGE_CURVE('',#805,#804,#55,.T.);
#609=EDGE_CURVE('',#803,#805,#957,.T.);
#610=EDGE_CURVE('',#806,#807,#56,.T.);
#611=EDGE_CURVE('',#806,#802,#958,.T.);
#612=EDGE_CURVE('',#807,#803,#959,.T.);
#613=EDGE_CURVE('',#808,#806,#960,.T.);
#614=EDGE_CURVE('',#808,#804,#961,.T.);
#615=EDGE_CURVE('',#807,#809,#962,.T.);
#616=EDGE_CURVE('',#809,#805,#963,.T.);
#617=EDGE_CURVE('',#809,#808,#57,.T.);
#618=EDGE_CURVE('',#810,#807,#964,.T.);
#619=EDGE_CURVE('',#810,#811,#58,.T.);
#620=EDGE_CURVE('',#806,#811,#965,.T.);
#621=EDGE_CURVE('',#811,#812,#966,.T.);
#622=EDGE_CURVE('',#808,#812,#967,.T.);
#623=EDGE_CURVE('',#812,#813,#59,.T.);
#624=EDGE_CURVE('',#809,#813,#968,.T.);
#625=EDGE_CURVE('',#813,#810,#969,.T.);
#626=EDGE_CURVE('',#814,#814,#60,.T.);
#627=EDGE_CURVE('',#815,#815,#61,.T.);
#628=EDGE_CURVE('',#816,#816,#62,.T.);
#629=EDGE_CURVE('',#817,#817,#63,.T.);
#630=EDGE_CURVE('',#818,#818,#64,.T.);
#631=EDGE_CURVE('',#819,#819,#65,.T.);
#632=EDGE_CURVE('',#820,#820,#66,.T.);
#633=EDGE_CURVE('',#821,#821,#67,.T.);
#634=EDGE_CURVE('',#822,#822,#68,.T.);
#635=EDGE_CURVE('',#823,#823,#69,.T.);
#636=EDGE_CURVE('',#824,#824,#70,.T.);
#637=EDGE_CURVE('',#825,#825,#71,.T.);
#638=EDGE_CURVE('',#826,#826,#72,.T.);
#639=EDGE_CURVE('',#827,#827,#73,.T.);
#640=EDGE_CURVE('',#828,#828,#74,.T.);
#641=EDGE_CURVE('',#829,#829,#75,.T.);
#642=EDGE_CURVE('',#782,#765,#970,.T.);
#643=EDGE_CURVE('',#766,#781,#971,.T.);
#644=EDGE_CURVE('',#830,#830,#76,.T.);
#645=EDGE_CURVE('',#831,#831,#77,.T.);
#646=EDGE_CURVE('',#832,#832,#78,.T.);
#647=EDGE_CURVE('',#833,#833,#79,.T.);
#648=EDGE_CURVE('',#834,#834,#80,.T.);
#649=EDGE_CURVE('',#835,#836,#16,.T.);
#650=EDGE_CURVE('',#836,#835,#81,.T.);
#651=EDGE_CURVE('',#837,#837,#82,.T.);
#652=EDGE_CURVE('',#838,#839,#83,.T.);
#653=EDGE_CURVE('',#839,#840,#84,.T.);
#654=EDGE_CURVE('',#840,#841,#85,.T.);
#655=EDGE_CURVE('',#841,#838,#17,.T.);
#656=EDGE_CURVE('',#842,#841,#972,.T.);
#657=EDGE_CURVE('',#842,#836,#973,.T.);
#658=EDGE_CURVE('',#835,#843,#974,.T.);
#659=EDGE_CURVE('',#838,#843,#975,.T.);
#660=EDGE_CURVE('',#840,#769,#976,.T.);
#661=EDGE_CURVE('',#768,#841,#977,.T.);
#662=EDGE_CURVE('',#770,#844,#978,.T.);
#663=EDGE_CURVE('',#844,#840,#979,.T.);
#664=EDGE_CURVE('',#842,#767,#980,.T.);
#665=EDGE_CURVE('',#839,#845,#981,.T.);
#666=EDGE_CURVE('',#844,#845,#86,.T.);
#667=EDGE_CURVE('',#838,#846,#982,.T.);
#668=EDGE_CURVE('',#846,#847,#983,.T.);
#669=EDGE_CURVE('',#847,#839,#984,.T.);
#670=EDGE_CURVE('',#848,#843,#985,.T.);
#671=EDGE_CURVE('',#848,#846,#986,.T.);
#672=EDGE_CURVE('',#849,#848,#987,.T.);
#673=EDGE_CURVE('',#849,#847,#988,.T.);
#674=EDGE_CURVE('',#845,#849,#989,.T.);
#675=EDGE_CURVE('',#850,#851,#87,.T.);
#676=EDGE_CURVE('',#850,#775,#990,.T.);
#677=EDGE_CURVE('',#851,#774,#991,.T.);
#678=EDGE_CURVE('',#851,#852,#992,.T.);
#679=EDGE_CURVE('',#852,#773,#993,.T.);
#680=EDGE_CURVE('',#853,#853,#88,.T.);
#681=EDGE_CURVE('',#854,#854,#89,.T.);
#682=EDGE_CURVE('',#852,#855,#90,.T.);
#683=EDGE_CURVE('',#855,#776,#994,.T.);
#684=EDGE_CURVE('',#855,#850,#995,.T.);
#685=EDGE_CURVE('',#856,#852,#996,.T.);
#686=EDGE_CURVE('',#856,#857,#997,.T.);
#687=EDGE_CURVE('',#851,#857,#998,.T.);
#688=EDGE_CURVE('',#857,#858,#91,.T.);
#689=EDGE_CURVE('',#850,#858,#999,.T.);
#690=EDGE_CURVE('',#858,#859,#1000,.T.);
#691=EDGE_CURVE('',#855,#859,#1001,.T.);
#692=EDGE_CURVE('',#859,#856,#92,.T.);
#693=EDGE_CURVE('',#779,#860,#1002,.T.);
#694=EDGE_CURVE('',#744,#860,#1003,.T.);
#695=EDGE_CURVE('',#860,#861,#1004,.T.);
#696=EDGE_CURVE('',#861,#743,#1005,.T.);
#697=EDGE_CURVE('',#742,#862,#1006,.T.);
#698=EDGE_CURVE('',#862,#771,#1007,.T.);
#699=EDGE_CURVE('',#780,#861,#1008,.T.);
#700=EDGE_CURVE('',#863,#737,#1009,.T.);
#701=EDGE_CURVE('',#736,#864,#1010,.T.);
#702=EDGE_CURVE('',#864,#783,#1011,.T.);
#703=EDGE_CURVE('',#764,#863,#1012,.T.);
#704=EDGE_CURVE('',#763,#865,#1013,.T.);
#705=EDGE_CURVE('',#738,#865,#1014,.T.);
#706=EDGE_CURVE('',#865,#863,#1015,.T.);
#707=EDGE_CURVE('',#866,#867,#12,.T.);
#708=EDGE_CURVE('',#867,#866,#1016,.T.);
#709=EDGE_CURVE('',#864,#868,#1017,.T.);
#710=EDGE_CURVE('',#735,#868,#1018,.T.);
#711=EDGE_CURVE('',#868,#778,#1019,.T.);
#712=EDGE_CURVE('',#869,#870,#13,.T.);
#713=EDGE_CURVE('',#870,#869,#1020,.T.);
#714=EDGE_CURVE('',#871,#872,#14,.T.);
#715=EDGE_CURVE('',#872,#871,#1021,.T.);
#716=EDGE_CURVE('',#862,#873,#1022,.T.);
#717=EDGE_CURVE('',#741,#873,#1023,.T.);
#718=EDGE_CURVE('',#873,#772,#1024,.T.);
#719=EDGE_CURVE('',#874,#875,#15,.T.);
#720=EDGE_CURVE('',#875,#874,#1025,.T.);
#721=EDGE_CURVE('',#871,#872,#93,.T.);
#722=EDGE_CURVE('',#869,#870,#94,.T.);
#723=EDGE_CURVE('',#874,#875,#95,.T.);
#724=EDGE_CURVE('',#866,#867,#96,.T.);
#725=EDGE_CURVE('',#754,#876,#1026,.T.);
#726=EDGE_CURVE('',#876,#749,#1027,.T.);
#727=EDGE_CURVE('',#876,#877,#1028,.T.);
#728=EDGE_CURVE('',#877,#752,#1029,.T.);
#729=EDGE_CURVE('',#877,#797,#1030,.T.);
#730=EDGE_CURVE('',#799,#753,#1031,.T.);
#731=EDGE_CURVE('',#876,#798,#1032,.T.);
#732=EDGE_CURVE('',#800,#754,#1033,.T.);
#733=VERTEX_POINT('',#2277);
#734=VERTEX_POINT('',#2278);
#735=VERTEX_POINT('',#2280);
#736=VERTEX_POINT('',#2282);
#737=VERTEX_POINT('',#2284);
#738=VERTEX_POINT('',#2286);
#739=VERTEX_POINT('',#2288);
#740=VERTEX_POINT('',#2290);
#741=VERTEX_POINT('',#2292);
#742=VERTEX_POINT('',#2294);
#743=VERTEX_POINT('',#2296);
#744=VERTEX_POINT('',#2298);
#745=VERTEX_POINT('',#2301);
#746=VERTEX_POINT('',#2303);
#747=VERTEX_POINT('',#2305);
#748=VERTEX_POINT('',#2307);
#749=VERTEX_POINT('',#2309);
#750=VERTEX_POINT('',#2310);
#751=VERTEX_POINT('',#2312);
#752=VERTEX_POINT('',#2314);
#753=VERTEX_POINT('',#2318);
#754=VERTEX_POINT('',#2319);
#755=VERTEX_POINT('',#2324);
#756=VERTEX_POINT('',#2325);
#757=VERTEX_POINT('',#2327);
#758=VERTEX_POINT('',#2329);
#759=VERTEX_POINT('',#2332);
#760=VERTEX_POINT('',#2333);
#761=VERTEX_POINT('',#2335);
#762=VERTEX_POINT('',#2337);
#763=VERTEX_POINT('',#2341);
#764=VERTEX_POINT('',#2342);
#765=VERTEX_POINT('',#2344);
#766=VERTEX_POINT('',#2346);
#767=VERTEX_POINT('',#2348);
#768=VERTEX_POINT('',#2350);
#769=VERTEX_POINT('',#2352);
#770=VERTEX_POINT('',#2354);
#771=VERTEX_POINT('',#2356);
#772=VERTEX_POINT('',#2358);
#773=VERTEX_POINT('',#2363);
#774=VERTEX_POINT('',#2364);
#775=VERTEX_POINT('',#2366);
#776=VERTEX_POINT('',#2368);
#777=VERTEX_POINT('',#2371);
#778=VERTEX_POINT('',#2373);
#779=VERTEX_POINT('',#2375);
#780=VERTEX_POINT('',#2377);
#781=VERTEX_POINT('',#2379);
#782=VERTEX_POINT('',#2381);
#783=VERTEX_POINT('',#2383);
#784=VERTEX_POINT('',#2387);
#785=VERTEX_POINT('',#2389);
#786=VERTEX_POINT('',#2391);
#787=VERTEX_POINT('',#2395);
#788=VERTEX_POINT('',#2397);
#789=VERTEX_POINT('',#2399);
#790=VERTEX_POINT('',#2405);
#791=VERTEX_POINT('',#2406);
#792=VERTEX_POINT('',#2411);
#793=VERTEX_POINT('',#2419);
#794=VERTEX_POINT('',#2420);
#795=VERTEX_POINT('',#2422);
#796=VERTEX_POINT('',#2424);
#797=VERTEX_POINT('',#2427);
#798=VERTEX_POINT('',#2428);
#799=VERTEX_POINT('',#2430);
#800=VERTEX_POINT('',#2432);
#801=VERTEX_POINT('',#2436);
#802=VERTEX_POINT('',#2450);
#803=VERTEX_POINT('',#2451);
#804=VERTEX_POINT('',#2453);
#805=VERTEX_POINT('',#2455);
#806=VERTEX_POINT('',#2459);
#807=VERTEX_POINT('',#2460);
#808=VERTEX_POINT('',#2465);
#809=VERTEX_POINT('',#2469);
#810=VERTEX_POINT('',#2475);
#811=VERTEX_POINT('',#2477);
#812=VERTEX_POINT('',#2481);
#813=VERTEX_POINT('',#2485);
#814=VERTEX_POINT('',#2491);
#815=VERTEX_POINT('',#2494);
#816=VERTEX_POINT('',#2497);
#817=VERTEX_POINT('',#2500);
#818=VERTEX_POINT('',#2503);
#819=VERTEX_POINT('',#2506);
#820=VERTEX_POINT('',#2509);
#821=VERTEX_POINT('',#2512);
#822=VERTEX_POINT('',#2515);
#823=VERTEX_POINT('',#2518);
#824=VERTEX_POINT('',#2521);
#825=VERTEX_POINT('',#2524);
#826=VERTEX_POINT('',#2527);
#827=VERTEX_POINT('',#2530);
#828=VERTEX_POINT('',#2533);
#829=VERTEX_POINT('',#2536);
#830=VERTEX_POINT('',#2542);
#831=VERTEX_POINT('',#2544);
#832=VERTEX_POINT('',#2547);
#833=VERTEX_POINT('',#2550);
#834=VERTEX_POINT('',#2552);
#835=VERTEX_POINT('',#2566);
#836=VERTEX_POINT('',#2567);
#837=VERTEX_POINT('',#2571);
#838=VERTEX_POINT('',#2574);
#839=VERTEX_POINT('',#2575);
#840=VERTEX_POINT('',#2577);
#841=VERTEX_POINT('',#2579);
#842=VERTEX_POINT('',#2597);
#843=VERTEX_POINT('',#2600);
#844=VERTEX_POINT('',#2607);
#845=VERTEX_POINT('',#2613);
#846=VERTEX_POINT('',#2617);
#847=VERTEX_POINT('',#2619);
#848=VERTEX_POINT('',#2623);
#849=VERTEX_POINT('',#2627);
#850=VERTEX_POINT('',#2633);
#851=VERTEX_POINT('',#2634);
#852=VERTEX_POINT('',#2639);
#853=VERTEX_POINT('',#2643);
#854=VERTEX_POINT('',#2646);
#855=VERTEX_POINT('',#2649);
#856=VERTEX_POINT('',#2655);
#857=VERTEX_POINT('',#2657);
#858=VERTEX_POINT('',#2661);
#859=VERTEX_POINT('',#2665);
#860=VERTEX_POINT('',#2671);
#861=VERTEX_POINT('',#2675);
#862=VERTEX_POINT('',#2679);
#863=VERTEX_POINT('',#2684);
#864=VERTEX_POINT('',#2686);
#865=VERTEX_POINT('',#2691);
#866=VERTEX_POINT('',#2697);
#867=VERTEX_POINT('',#2698);
#868=VERTEX_POINT('',#2702);
#869=VERTEX_POINT('',#2708);
#870=VERTEX_POINT('',#2709);
#871=VERTEX_POINT('',#2713);
#872=VERTEX_POINT('',#2714);
#873=VERTEX_POINT('',#2718);
#874=VERTEX_POINT('',#2724);
#875=VERTEX_POINT('',#2725);
#876=VERTEX_POINT('',#2741);
#877=VERTEX_POINT('',#2745);
#878=LINE('',#2276,#1034);
#879=LINE('',#2279,#1035);
#880=LINE('',#2281,#1036);
#881=LINE('',#2283,#1037);
#882=LINE('',#2285,#1038);
#883=LINE('',#2287,#1039);
#884=LINE('',#2289,#1040);
#885=LINE('',#2291,#1041);
#886=LINE('',#2293,#1042);
#887=LINE('',#2295,#1043);
#888=LINE('',#2297,#1044);
#889=LINE('',#2299,#1045);
#890=LINE('',#2308,#1046);
#891=LINE('',#2311,#1047);
#892=LINE('',#2313,#1048);
#893=LINE('',#2315,#1049);
#894=LINE('',#2317,#1050);
#895=LINE('',#2320,#1051);
#896=LINE('',#2321,#1052);
#897=LINE('',#2323,#1053);
#898=LINE('',#2326,#1054);
#899=LINE('',#2328,#1055);
#900=LINE('',#2330,#1056);
#901=LINE('',#2331,#1057);
#902=LINE('',#2334,#1058);
#903=LINE('',#2336,#1059);
#904=LINE('',#2338,#1060);
#905=LINE('',#2340,#1061);
#906=LINE('',#2343,#1062);
#907=LINE('',#2345,#1063);
#908=LINE('',#2347,#1064);
#909=LINE('',#2349,#1065);
#910=LINE('',#2351,#1066);
#911=LINE('',#2353,#1067);
#912=LINE('',#2355,#1068);
#913=LINE('',#2357,#1069);
#914=LINE('',#2359,#1070);
#915=LINE('',#2360,#1071);
#916=LINE('',#2362,#1072);
#917=LINE('',#2367,#1073);
#918=LINE('',#2372,#1074);
#919=LINE('',#2374,#1075);
#920=LINE('',#2376,#1076);
#921=LINE('',#2378,#1077);
#922=LINE('',#2380,#1078);
#923=LINE('',#2382,#1079);
#924=LINE('',#2384,#1080);
#925=LINE('',#2386,#1081);
#926=LINE('',#2388,#1082);
#927=LINE('',#2390,#1083);
#928=LINE('',#2392,#1084);
#929=LINE('',#2394,#1085);
#930=LINE('',#2396,#1086);
#931=LINE('',#2398,#1087);
#932=LINE('',#2400,#1088);
#933=LINE('',#2402,#1089);
#934=LINE('',#2404,#1090);
#935=LINE('',#2407,#1091);
#936=LINE('',#2408,#1092);
#937=LINE('',#2410,#1093);
#938=LINE('',#2412,#1094);
#939=LINE('',#2414,#1095);
#940=LINE('',#2416,#1096);
#941=LINE('',#2418,#1097);
#942=LINE('',#2421,#1098);
#943=LINE('',#2423,#1099);
#944=LINE('',#2425,#1100);
#945=LINE('',#2426,#1101);
#946=LINE('',#2429,#1102);
#947=LINE('',#2431,#1103);
#948=LINE('',#2433,#1104);
#949=LINE('',#2435,#1105);
#950=LINE('',#2437,#1106);
#951=LINE('',#2439,#1107);
#952=LINE('',#2441,#1108);
#953=LINE('',#2442,#1109);
#954=LINE('',#2444,#1110);
#955=LINE('',#2446,#1111);
#956=LINE('',#2452,#1112);
#957=LINE('',#2456,#1113);
#958=LINE('',#2461,#1114);
#959=LINE('',#2462,#1115);
#960=LINE('',#2464,#1116);
#961=LINE('',#2466,#1117);
#962=LINE('',#2468,#1118);
#963=LINE('',#2470,#1119);
#964=LINE('',#2474,#1120);
#965=LINE('',#2478,#1121);
#966=LINE('',#2480,#1122);
#967=LINE('',#2482,#1123);
#968=LINE('',#2486,#1124);
#969=LINE('',#2488,#1125);
#970=LINE('',#2537,#1126);
#971=LINE('',#2538,#1127);
#972=LINE('',#2596,#1128);
#973=LINE('',#2598,#1129);
#974=LINE('',#2599,#1130);
#975=LINE('',#2601,#1131);
#976=LINE('',#2603,#1132);
#977=LINE('',#2604,#1133);
#978=LINE('',#2606,#1134);
#979=LINE('',#2608,#1135);
#980=LINE('',#2610,#1136);
#981=LINE('',#2612,#1137);
#982=LINE('',#2616,#1138);
#983=LINE('',#2618,#1139);
#984=LINE('',#2620,#1140);
#985=LINE('',#2622,#1141);
#986=LINE('',#2624,#1142);
#987=LINE('',#2626,#1143);
#988=LINE('',#2628,#1144);
#989=LINE('',#2630,#1145);
#990=LINE('',#2635,#1146);
#991=LINE('',#2636,#1147);
#992=LINE('',#2638,#1148);
#993=LINE('',#2640,#1149);
#994=LINE('',#2650,#1150);
#995=LINE('',#2652,#1151);
#996=LINE('',#2654,#1152);
#997=LINE('',#2656,#1153);
#998=LINE('',#2658,#1154);
#999=LINE('',#2662,#1155);
#1000=LINE('',#2664,#1156);
#1001=LINE('',#2666,#1157);
#1002=LINE('',#2670,#1158);
#1003=LINE('',#2672,#1159);
#1004=LINE('',#2674,#1160);
#1005=LINE('',#2676,#1161);
#1006=LINE('',#2678,#1162);
#1007=LINE('',#2680,#1163);
#1008=LINE('',#2681,#1164);
#1009=LINE('',#2683,#1165);
#1010=LINE('',#2685,#1166);
#1011=LINE('',#2687,#1167);
#1012=LINE('',#2688,#1168);
#1013=LINE('',#2690,#1169);
#1014=LINE('',#2692,#1170);
#1015=LINE('',#2694,#1171);
#1016=LINE('',#2699,#1172);
#1017=LINE('',#2701,#1173);
#1018=LINE('',#2703,#1174);
#1019=LINE('',#2705,#1175);
#1020=LINE('',#2710,#1176);
#1021=LINE('',#2715,#1177);
#1022=LINE('',#2717,#1178);
#1023=LINE('',#2719,#1179);
#1024=LINE('',#2721,#1180);
#1025=LINE('',#2726,#1181);
#1026=LINE('',#2740,#1182);
#1027=LINE('',#2742,#1183);
#1028=LINE('',#2744,#1184);
#1029=LINE('',#2746,#1185);
#1030=LINE('',#2748,#1186);
#1031=LINE('',#2749,#1187);
#1032=LINE('',#2751,#1188);
#1033=LINE('',#2753,#1189);
#1034=VECTOR('',#1816,1.);
#1035=VECTOR('',#1817,1.);
#1036=VECTOR('',#1818,1.);
#1037=VECTOR('',#1819,1.);
#1038=VECTOR('',#1820,1.);
#1039=VECTOR('',#1821,1.);
#1040=VECTOR('',#1822,1.);
#1041=VECTOR('',#1823,1.);
#1042=VECTOR('',#1824,1.);
#1043=VECTOR('',#1825,1.);
#1044=VECTOR('',#1826,1.);
#1045=VECTOR('',#1827,1.);
#1046=VECTOR('',#1836,1.);
#1047=VECTOR('',#1837,1.);
#1048=VECTOR('',#1838,1.);
#1049=VECTOR('',#1839,1.);
#1050=VECTOR('',#1842,1.);
#1051=VECTOR('',#1843,1.);
#1052=VECTOR('',#1844,1.);
#1053=VECTOR('',#1847,1.);
#1054=VECTOR('',#1848,1.);
#1055=VECTOR('',#1849,1.);
#1056=VECTOR('',#1850,1.);
#1057=VECTOR('',#1851,1.);
#1058=VECTOR('',#1852,1.);
#1059=VECTOR('',#1853,1.);
#1060=VECTOR('',#1854,1.);
#1061=VECTOR('',#1857,1.);
#1062=VECTOR('',#1858,1.);
#1063=VECTOR('',#1859,1.);
#1064=VECTOR('',#1860,1.);
#1065=VECTOR('',#1861,1.);
#1066=VECTOR('',#1862,1.);
#1067=VECTOR('',#1863,1.);
#1068=VECTOR('',#1864,1.);
#1069=VECTOR('',#1865,1.);
#1070=VECTOR('',#1866,1.);
#1071=VECTOR('',#1867,1.);
#1072=VECTOR('',#1870,1.);
#1073=VECTOR('',#1873,1.);
#1074=VECTOR('',#1878,1.);
#1075=VECTOR('',#1879,1.);
#1076=VECTOR('',#1880,1.);
#1077=VECTOR('',#1881,1.);
#1078=VECTOR('',#1882,1.);
#1079=VECTOR('',#1883,1.);
#1080=VECTOR('',#1884,1.);
#1081=VECTOR('',#1887,1.);
#1082=VECTOR('',#1888,1.);
#1083=VECTOR('',#1889,1.);
#1084=VECTOR('',#1890,1.);
#1085=VECTOR('',#1893,1.);
#1086=VECTOR('',#1894,1.);
#1087=VECTOR('',#1895,1.);
#1088=VECTOR('',#1896,1.);
#1089=VECTOR('',#1899,1.);
#1090=VECTOR('',#1902,1.);
#1091=VECTOR('',#1903,1.);
#1092=VECTOR('',#1904,1.);
#1093=VECTOR('',#1907,1.);
#1094=VECTOR('',#1908,1.);
#1095=VECTOR('',#1911,1.);
#1096=VECTOR('',#1914,1.);
#1097=VECTOR('',#1917,1.);
#1098=VECTOR('',#1918,1.);
#1099=VECTOR('',#1919,1.);
#1100=VECTOR('',#1920,1.);
#1101=VECTOR('',#1921,1.);
#1102=VECTOR('',#1922,1.);
#1103=VECTOR('',#1923,1.);
#1104=VECTOR('',#1924,1.);
#1105=VECTOR('',#1927,1.);
#1106=VECTOR('',#1928,1.);
#1107=VECTOR('',#1931,1.);
#1108=VECTOR('',#1934,1.);
#1109=VECTOR('',#1935,1.);
#1110=VECTOR('',#1938,1.);
#1111=VECTOR('',#1941,1.);
#1112=VECTOR('',#1948,1.);
#1113=VECTOR('',#1951,1.);
#1114=VECTOR('',#1956,1.);
#1115=VECTOR('',#1957,1.);
#1116=VECTOR('',#1960,1.);
#1117=VECTOR('',#1961,1.);
#1118=VECTOR('',#1964,1.);
#1119=VECTOR('',#1965,1.);
#1120=VECTOR('',#1972,1.);
#1121=VECTOR('',#1975,1.);
#1122=VECTOR('',#1978,1.);
#1123=VECTOR('',#1979,1.);
#1124=VECTOR('',#1984,1.);
#1125=VECTOR('',#1987,1.);
#1126=VECTOR('',#2052,1.);
#1127=VECTOR('',#2053,1.);
#1128=VECTOR('',#2090,1.);
#1129=VECTOR('',#2091,1.);
#1130=VECTOR('',#2092,1.);
#1131=VECTOR('',#2093,1.);
#1132=VECTOR('',#2096,1.);
#1133=VECTOR('',#2097,1.);
#1134=VECTOR('',#2100,1.);
#1135=VECTOR('',#2101,1.);
#1136=VECTOR('',#2104,1.);
#1137=VECTOR('',#2107,1.);
#1138=VECTOR('',#2112,1.);
#1139=VECTOR('',#2113,1.);
#1140=VECTOR('',#2114,1.);
#1141=VECTOR('',#2117,1.);
#1142=VECTOR('',#2118,1.);
#1143=VECTOR('',#2121,1.);
#1144=VECTOR('',#2122,1.);
#1145=VECTOR('',#2125,1.);
#1146=VECTOR('',#2130,1.);
#1147=VECTOR('',#2131,1.);
#1148=VECTOR('',#2134,1.);
#1149=VECTOR('',#2135,1.);
#1150=VECTOR('',#2148,1.);
#1151=VECTOR('',#2151,1.);
#1152=VECTOR('',#2154,1.);
#1153=VECTOR('',#2155,1.);
#1154=VECTOR('',#2156,1.);
#1155=VECTOR('',#2161,1.);
#1156=VECTOR('',#2164,1.);
#1157=VECTOR('',#2165,1.);
#1158=VECTOR('',#2172,1.);
#1159=VECTOR('',#2173,1.);
#1160=VECTOR('',#2176,1.);
#1161=VECTOR('',#2177,1.);
#1162=VECTOR('',#2180,1.);
#1163=VECTOR('',#2181,1.);
#1164=VECTOR('',#2182,1.);
#1165=VECTOR('',#2185,1.);
#1166=VECTOR('',#2186,1.);
#1167=VECTOR('',#2187,1.);
#1168=VECTOR('',#2188,1.);
#1169=VECTOR('',#2191,1.);
#1170=VECTOR('',#2192,1.);
#1171=VECTOR('',#2195,1.);
#1172=VECTOR('',#2200,1.);
#1173=VECTOR('',#2203,1.);
#1174=VECTOR('',#2204,1.);
#1175=VECTOR('',#2207,1.);
#1176=VECTOR('',#2212,1.);
#1177=VECTOR('',#2217,1.);
#1178=VECTOR('',#2220,1.);
#1179=VECTOR('',#2221,1.);
#1180=VECTOR('',#2224,1.);
#1181=VECTOR('',#2229,1.);
#1182=VECTOR('',#2256,1.);
#1183=VECTOR('',#2257,1.);
#1184=VECTOR('',#2260,1.);
#1185=VECTOR('',#2261,1.);
#1186=VECTOR('',#2264,1.);
#1187=VECTOR('',#2265,1.);
#1188=VECTOR('',#2268,1.);
#1189=VECTOR('',#2271,1.);
#1190=EDGE_LOOP('',(#97,#98,#99,#100,#101,#102,#103,#104,#105,#106,#107,
#108));
#1191=EDGE_LOOP('',(#109));
#1192=EDGE_LOOP('',(#110));
#1193=EDGE_LOOP('',(#111));
#1194=EDGE_LOOP('',(#112));
#1195=EDGE_LOOP('',(#113,#114,#115,#116));
#1196=EDGE_LOOP('',(#117,#118,#119,#120));
#1197=EDGE_LOOP('',(#121,#122,#123,#124));
#1198=EDGE_LOOP('',(#125,#126,#127,#128));
#1199=EDGE_LOOP('',(#129,#130,#131,#132,#133,#134,#135,#136,#137,#138,#139,
#140));
#1200=EDGE_LOOP('',(#141,#142,#143,#144));
#1201=EDGE_LOOP('',(#145));
#1202=EDGE_LOOP('',(#146,#147,#148,#149,#150,#151,#152,#153));
#1203=EDGE_LOOP('',(#154,#155,#156,#157,#158));
#1204=EDGE_LOOP('',(#159,#160,#161,#162,#163));
#1205=EDGE_LOOP('',(#164,#165,#166,#167));
#1206=EDGE_LOOP('',(#168,#169,#170,#171));
#1207=EDGE_LOOP('',(#172,#173,#174,#175));
#1208=EDGE_LOOP('',(#176,#177,#178,#179));
#1209=EDGE_LOOP('',(#180,#181,#182,#183));
#1210=EDGE_LOOP('',(#184,#185,#186,#187));
#1211=EDGE_LOOP('',(#188,#189,#190,#191));
#1212=EDGE_LOOP('',(#192,#193,#194,#195));
#1213=EDGE_LOOP('',(#196,#197,#198,#199));
#1214=EDGE_LOOP('',(#200,#201,#202,#203));
#1215=EDGE_LOOP('',(#204,#205,#206,#207));
#1216=EDGE_LOOP('',(#208,#209,#210,#211));
#1217=EDGE_LOOP('',(#212,#213,#214,#215));
#1218=EDGE_LOOP('',(#216,#217,#218,#219));
#1219=EDGE_LOOP('',(#220,#221,#222,#223));
#1220=EDGE_LOOP('',(#224,#225,#226,#227));
#1221=EDGE_LOOP('',(#228,#229,#230,#231));
#1222=EDGE_LOOP('',(#232,#233,#234,#235));
#1223=EDGE_LOOP('',(#236,#237,#238,#239));
#1224=EDGE_LOOP('',(#240,#241,#242,#243));
#1225=EDGE_LOOP('',(#244,#245,#246,#247));
#1226=EDGE_LOOP('',(#248,#249,#250,#251));
#1227=EDGE_LOOP('',(#252));
#1228=EDGE_LOOP('',(#253));
#1229=EDGE_LOOP('',(#254));
#1230=EDGE_LOOP('',(#255));
#1231=EDGE_LOOP('',(#256));
#1232=EDGE_LOOP('',(#257));
#1233=EDGE_LOOP('',(#258));
#1234=EDGE_LOOP('',(#259));
#1235=EDGE_LOOP('',(#260));
#1236=EDGE_LOOP('',(#261));
#1237=EDGE_LOOP('',(#262));
#1238=EDGE_LOOP('',(#263));
#1239=EDGE_LOOP('',(#264));
#1240=EDGE_LOOP('',(#265));
#1241=EDGE_LOOP('',(#266));
#1242=EDGE_LOOP('',(#267));
#1243=EDGE_LOOP('',(#268));
#1244=EDGE_LOOP('',(#269));
#1245=EDGE_LOOP('',(#270));
#1246=EDGE_LOOP('',(#271));
#1247=EDGE_LOOP('',(#272));
#1248=EDGE_LOOP('',(#273));
#1249=EDGE_LOOP('',(#274));
#1250=EDGE_LOOP('',(#275));
#1251=EDGE_LOOP('',(#276));
#1252=EDGE_LOOP('',(#277));
#1253=EDGE_LOOP('',(#278,#279,#280,#281));
#1254=EDGE_LOOP('',(#282,#283,#284,#285));
#1255=EDGE_LOOP('',(#286));
#1256=EDGE_LOOP('',(#287));
#1257=EDGE_LOOP('',(#288));
#1258=EDGE_LOOP('',(#289));
#1259=EDGE_LOOP('',(#290,#291,#292,#293));
#1260=EDGE_LOOP('',(#294));
#1261=EDGE_LOOP('',(#295));
#1262=EDGE_LOOP('',(#296));
#1263=EDGE_LOOP('',(#297));
#1264=EDGE_LOOP('',(#298));
#1265=EDGE_LOOP('',(#299));
#1266=EDGE_LOOP('',(#300));
#1267=EDGE_LOOP('',(#301));
#1268=EDGE_LOOP('',(#302));
#1269=EDGE_LOOP('',(#303,#304));
#1270=EDGE_LOOP('',(#305));
#1271=EDGE_LOOP('',(#306));
#1272=EDGE_LOOP('',(#307));
#1273=EDGE_LOOP('',(#308,#309,#310,#311));
#1274=EDGE_LOOP('',(#312));
#1275=EDGE_LOOP('',(#313,#314,#315,#316,#317,#318));
#1276=EDGE_LOOP('',(#319,#320,#321,#322));
#1277=EDGE_LOOP('',(#323,#324,#325,#326));
#1278=EDGE_LOOP('',(#327,#328,#329,#330));
#1279=EDGE_LOOP('',(#331,#332,#333,#334));
#1280=EDGE_LOOP('',(#335,#336,#337,#338));
#1281=EDGE_LOOP('',(#339,#340,#341,#342));
#1282=EDGE_LOOP('',(#343,#344,#345,#346));
#1283=EDGE_LOOP('',(#347,#348,#349,#350));
#1284=EDGE_LOOP('',(#351,#352,#353,#354));
#1285=EDGE_LOOP('',(#355,#356,#357,#358));
#1286=EDGE_LOOP('',(#359));
#1287=EDGE_LOOP('',(#360));
#1288=EDGE_LOOP('',(#361));
#1289=EDGE_LOOP('',(#362));
#1290=EDGE_LOOP('',(#363,#364,#365,#366));
#1291=EDGE_LOOP('',(#367,#368,#369,#370));
#1292=EDGE_LOOP('',(#371,#372,#373,#374));
#1293=EDGE_LOOP('',(#375,#376,#377,#378));
#1294=EDGE_LOOP('',(#379,#380,#381,#382));
#1295=EDGE_LOOP('',(#383,#384,#385,#386));
#1296=EDGE_LOOP('',(#387,#388,#389,#390));
#1297=EDGE_LOOP('',(#391,#392,#393,#394));
#1298=EDGE_LOOP('',(#395,#396,#397,#398,#399,#400,#401,#402,#403,#404,#405,
#406,#407,#408,#409,#410,#411,#412));
#1299=EDGE_LOOP('',(#413,#414,#415,#416,#417,#418,#419,#420));
#1300=EDGE_LOOP('',(#421,#422,#423,#424));
#1301=EDGE_LOOP('',(#425,#426,#427,#428));
#1302=EDGE_LOOP('',(#429,#430));
#1303=EDGE_LOOP('',(#431,#432,#433,#434));
#1304=EDGE_LOOP('',(#435,#436,#437,#438));
#1305=EDGE_LOOP('',(#439,#440,#441,#442));
#1306=EDGE_LOOP('',(#443,#444));
#1307=EDGE_LOOP('',(#445,#446,#447,#448));
#1308=EDGE_LOOP('',(#449,#450));
#1309=EDGE_LOOP('',(#451,#452,#453,#454));
#1310=EDGE_LOOP('',(#455,#456,#457,#458));
#1311=EDGE_LOOP('',(#459,#460,#461,#462));
#1312=EDGE_LOOP('',(#463,#464));
#1313=EDGE_LOOP('',(#465,#466,#467,#468));
#1314=EDGE_LOOP('',(#469,#470));
#1315=EDGE_LOOP('',(#471));
#1316=EDGE_LOOP('',(#472,#473));
#1317=EDGE_LOOP('',(#474,#475));
#1318=EDGE_LOOP('',(#476));
#1319=EDGE_LOOP('',(#477,#478));
#1320=EDGE_LOOP('',(#479,#480));
#1321=EDGE_LOOP('',(#481));
#1322=EDGE_LOOP('',(#482,#483));
#1323=EDGE_LOOP('',(#484,#485));
#1324=EDGE_LOOP('',(#486));
#1325=EDGE_LOOP('',(#487,#488));
#1326=EDGE_LOOP('',(#489));
#1327=EDGE_LOOP('',(#490,#491,#492,#493));
#1328=EDGE_LOOP('',(#494));
#1329=EDGE_LOOP('',(#495,#496,#497,#498));
#1330=EDGE_LOOP('',(#499,#500,#501,#502));
#1331=EDGE_LOOP('',(#503,#504,#505,#506,#507,#508));
#1332=EDGE_LOOP('',(#509,#510,#511,#512));
#1333=EDGE_LOOP('',(#513,#514,#515,#516));
#1334=EDGE_LOOP('',(#517,#518,#519,#520));
#1335=FACE_BOUND('',#1190,.T.);
#1336=FACE_BOUND('',#1191,.T.);
#1337=FACE_BOUND('',#1192,.T.);
#1338=FACE_BOUND('',#1193,.T.);
#1339=FACE_BOUND('',#1194,.T.);
#1340=FACE_BOUND('',#1195,.T.);
#1341=FACE_BOUND('',#1196,.T.);
#1342=FACE_BOUND('',#1197,.T.);
#1343=FACE_BOUND('',#1198,.T.);
#1344=FACE_BOUND('',#1199,.T.);
#1345=FACE_BOUND('',#1200,.T.);
#1346=FACE_BOUND('',#1201,.T.);
#1347=FACE_BOUND('',#1202,.T.);
#1348=FACE_BOUND('',#1203,.T.);
#1349=FACE_BOUND('',#1204,.T.);
#1350=FACE_BOUND('',#1205,.T.);
#1351=FACE_BOUND('',#1206,.T.);
#1352=FACE_BOUND('',#1207,.T.);
#1353=FACE_BOUND('',#1208,.T.);
#1354=FACE_BOUND('',#1209,.T.);
#1355=FACE_BOUND('',#1210,.T.);
#1356=FACE_BOUND('',#1211,.T.);
#1357=FACE_BOUND('',#1212,.T.);
#1358=FACE_BOUND('',#1213,.T.);
#1359=FACE_BOUND('',#1214,.T.);
#1360=FACE_BOUND('',#1215,.T.);
#1361=FACE_BOUND('',#1216,.T.);
#1362=FACE_BOUND('',#1217,.T.);
#1363=FACE_BOUND('',#1218,.T.);
#1364=FACE_BOUND('',#1219,.T.);
#1365=FACE_BOUND('',#1220,.T.);
#1366=FACE_BOUND('',#1221,.T.);
#1367=FACE_BOUND('',#1222,.T.);
#1368=FACE_BOUND('',#1223,.T.);
#1369=FACE_BOUND('',#1224,.T.);
#1370=FACE_BOUND('',#1225,.T.);
#1371=FACE_BOUND('',#1226,.T.);
#1372=FACE_BOUND('',#1227,.T.);
#1373=FACE_BOUND('',#1228,.T.);
#1374=FACE_BOUND('',#1229,.T.);
#1375=FACE_BOUND('',#1230,.T.);
#1376=FACE_BOUND('',#1231,.T.);
#1377=FACE_BOUND('',#1232,.T.);
#1378=FACE_BOUND('',#1233,.T.);
#1379=FACE_BOUND('',#1234,.T.);
#1380=FACE_BOUND('',#1235,.T.);
#1381=FACE_BOUND('',#1236,.T.);
#1382=FACE_BOUND('',#1237,.T.);
#1383=FACE_BOUND('',#1238,.T.);
#1384=FACE_BOUND('',#1239,.T.);
#1385=FACE_BOUND('',#1240,.T.);
#1386=FACE_BOUND('',#1241,.T.);
#1387=FACE_BOUND('',#1242,.T.);
#1388=FACE_BOUND('',#1243,.T.);
#1389=FACE_BOUND('',#1244,.T.);
#1390=FACE_BOUND('',#1245,.T.);
#1391=FACE_BOUND('',#1246,.T.);
#1392=FACE_BOUND('',#1247,.T.);
#1393=FACE_BOUND('',#1248,.T.);
#1394=FACE_BOUND('',#1249,.T.);
#1395=FACE_BOUND('',#1250,.T.);
#1396=FACE_BOUND('',#1251,.T.);
#1397=FACE_BOUND('',#1252,.T.);
#1398=FACE_BOUND('',#1253,.T.);
#1399=FACE_BOUND('',#1254,.T.);
#1400=FACE_BOUND('',#1255,.T.);
#1401=FACE_BOUND('',#1256,.T.);
#1402=FACE_BOUND('',#1257,.T.);
#1403=FACE_BOUND('',#1258,.T.);
#1404=FACE_BOUND('',#1259,.T.);
#1405=FACE_BOUND('',#1260,.T.);
#1406=FACE_BOUND('',#1261,.T.);
#1407=FACE_BOUND('',#1262,.T.);
#1408=FACE_BOUND('',#1263,.T.);
#1409=FACE_BOUND('',#1264,.T.);
#1410=FACE_BOUND('',#1265,.T.);
#1411=FACE_BOUND('',#1266,.T.);
#1412=FACE_BOUND('',#1267,.T.);
#1413=FACE_BOUND('',#1268,.T.);
#1414=FACE_BOUND('',#1269,.T.);
#1415=FACE_BOUND('',#1270,.T.);
#1416=FACE_BOUND('',#1271,.T.);
#1417=FACE_BOUND('',#1272,.T.);
#1418=FACE_BOUND('',#1273,.T.);
#1419=FACE_BOUND('',#1274,.T.);
#1420=FACE_BOUND('',#1275,.T.);
#1421=FACE_BOUND('',#1276,.T.);
#1422=FACE_BOUND('',#1277,.T.);
#1423=FACE_BOUND('',#1278,.T.);
#1424=FACE_BOUND('',#1279,.T.);
#1425=FACE_BOUND('',#1280,.T.);
#1426=FACE_BOUND('',#1281,.T.);
#1427=FACE_BOUND('',#1282,.T.);
#1428=FACE_BOUND('',#1283,.T.);
#1429=FACE_BOUND('',#1284,.T.);
#1430=FACE_BOUND('',#1285,.T.);
#1431=FACE_BOUND('',#1286,.T.);
#1432=FACE_BOUND('',#1287,.T.);
#1433=FACE_BOUND('',#1288,.T.);
#1434=FACE_BOUND('',#1289,.T.);
#1435=FACE_BOUND('',#1290,.T.);
#1436=FACE_BOUND('',#1291,.T.);
#1437=FACE_BOUND('',#1292,.T.);
#1438=FACE_BOUND('',#1293,.T.);
#1439=FACE_BOUND('',#1294,.T.);
#1440=FACE_BOUND('',#1295,.T.);
#1441=FACE_BOUND('',#1296,.T.);
#1442=FACE_BOUND('',#1297,.T.);
#1443=FACE_BOUND('',#1298,.T.);
#1444=FACE_BOUND('',#1299,.T.);
#1445=FACE_BOUND('',#1300,.T.);
#1446=FACE_BOUND('',#1301,.T.);
#1447=FACE_BOUND('',#1302,.T.);
#1448=FACE_BOUND('',#1303,.T.);
#1449=FACE_BOUND('',#1304,.T.);
#1450=FACE_BOUND('',#1305,.T.);
#1451=FACE_BOUND('',#1306,.T.);
#1452=FACE_BOUND('',#1307,.T.);
#1453=FACE_BOUND('',#1308,.T.);
#1454=FACE_BOUND('',#1309,.T.);
#1455=FACE_BOUND('',#1310,.T.);
#1456=FACE_BOUND('',#1311,.T.);
#1457=FACE_BOUND('',#1312,.T.);
#1458=FACE_BOUND('',#1313,.T.);
#1459=FACE_BOUND('',#1314,.T.);
#1460=FACE_BOUND('',#1315,.T.);
#1461=FACE_BOUND('',#1316,.T.);
#1462=FACE_BOUND('',#1317,.T.);
#1463=FACE_BOUND('',#1318,.T.);
#1464=FACE_BOUND('',#1319,.T.);
#1465=FACE_BOUND('',#1320,.T.);
#1466=FACE_BOUND('',#1321,.T.);
#1467=FACE_BOUND('',#1322,.T.);
#1468=FACE_BOUND('',#1323,.T.);
#1469=FACE_BOUND('',#1324,.T.);
#1470=FACE_BOUND('',#1325,.T.);
#1471=FACE_BOUND('',#1326,.T.);
#1472=FACE_BOUND('',#1327,.T.);
#1473=FACE_BOUND('',#1328,.T.);
#1474=FACE_BOUND('',#1329,.T.);
#1475=FACE_BOUND('',#1330,.T.);
#1476=FACE_BOUND('',#1331,.T.);
#1477=FACE_BOUND('',#1332,.T.);
#1478=FACE_BOUND('',#1333,.T.);
#1479=FACE_BOUND('',#1334,.T.);
#1480=PLANE('',#1660);
#1481=PLANE('',#1665);
#1482=PLANE('',#1666);
#1483=PLANE('',#1667);
#1484=PLANE('',#1668);
#1485=PLANE('',#1672);
#1486=PLANE('',#1673);
#1487=PLANE('',#1674);
#1488=PLANE('',#1675);
#1489=PLANE('',#1676);
#1490=PLANE('',#1677);
#1491=PLANE('',#1678);
#1492=PLANE('',#1679);
#1493=PLANE('',#1680);
#1494=PLANE('',#1681);
#1495=PLANE('',#1682);
#1496=PLANE('',#1683);
#1497=PLANE('',#1684);
#1498=PLANE('',#1685);
#1499=PLANE('',#1686);
#1500=PLANE('',#1691);
#1501=PLANE('',#1692);
#1502=PLANE('',#1697);
#1503=PLANE('',#1700);
#1504=PLANE('',#1701);
#1505=PLANE('',#1705);
#1506=PLANE('',#1709);
#1507=PLANE('',#1711);
#1508=PLANE('',#1713);
#1509=PLANE('',#1715);
#1510=PLANE('',#1731);
#1511=PLANE('',#1737);
#1512=PLANE('',#1744);
#1513=PLANE('',#1750);
#1514=PLANE('',#1751);
#1515=PLANE('',#1752);
#1516=PLANE('',#1753);
#1517=PLANE('',#1756);
#1518=PLANE('',#1757);
#1519=PLANE('',#1758);
#1520=PLANE('',#1759);
#1521=PLANE('',#1762);
#1522=PLANE('',#1769);
#1523=PLANE('',#1770);
#1524=PLANE('',#1773);
#1525=PLANE('',#1776);
#1526=PLANE('',#1777);
#1527=PLANE('',#1778);
#1528=PLANE('',#1779);
#1529=PLANE('',#1780);
#1530=PLANE('',#1781);
#1531=PLANE('',#1782);
#1532=PLANE('',#1784);
#1533=PLANE('',#1785);
#1534=PLANE('',#1786);
#1535=PLANE('',#1788);
#1536=PLANE('',#1790);
#1537=PLANE('',#1791);
#1538=PLANE('',#1792);
#1539=PLANE('',#1796);
#1540=PLANE('',#1799);
#1541=PLANE('',#1802);
#1542=PLANE('',#1805);
#1543=PLANE('',#1806);
#1544=PLANE('',#1807);
#1545=PLANE('',#1808);
#1546=PLANE('',#1809);
#1547=PLANE('',#1810);
#1548=PLANE('',#1811);
#1549=ADVANCED_FACE('',(#1335,#1336,#1337,#1338,#1339,#1340),#1480,.T.);
#1550=ADVANCED_FACE('',(#1341),#1481,.T.);
#1551=ADVANCED_FACE('',(#1342,#1343),#1482,.F.);
#1552=ADVANCED_FACE('',(#1344),#1483,.F.);
#1553=ADVANCED_FACE('',(#1345,#1346,#1347),#1484,.F.);
#1554=ADVANCED_FACE('',(#1348),#1485,.T.);
#1555=ADVANCED_FACE('',(#1349),#1486,.T.);
#1556=ADVANCED_FACE('',(#1350),#1487,.T.);
#1557=ADVANCED_FACE('',(#1351),#1488,.F.);
#1558=ADVANCED_FACE('',(#1352),#1489,.F.);
#1559=ADVANCED_FACE('',(#1353),#1490,.T.);
#1560=ADVANCED_FACE('',(#1354),#1491,.T.);
#1561=ADVANCED_FACE('',(#1355,#1356),#1492,.F.);
#1562=ADVANCED_FACE('',(#1357),#1493,.F.);
#1563=ADVANCED_FACE('',(#1358),#1494,.F.);
#1564=ADVANCED_FACE('',(#1359),#1495,.T.);
#1565=ADVANCED_FACE('',(#1360),#1496,.T.);
#1566=ADVANCED_FACE('',(#1361),#1497,.T.);
#1567=ADVANCED_FACE('',(#1362),#1498,.T.);
#1568=ADVANCED_FACE('',(#1363),#1499,.T.);
#1569=ADVANCED_FACE('',(#1364),#29,.F.);
#1570=ADVANCED_FACE('',(#1365),#1500,.F.);
#1571=ADVANCED_FACE('',(#1366),#1501,.F.);
#1572=ADVANCED_FACE('',(#1367),#30,.F.);
#1573=ADVANCED_FACE('',(#1368),#20,.F.);
#1574=ADVANCED_FACE('',(#1369),#1502,.T.);
#1575=ADVANCED_FACE('',(#1370),#21,.F.);
#1576=ADVANCED_FACE('',(#1371),#1503,.T.);
#1577=ADVANCED_FACE('',(#1372),#1504,.T.);
#1578=ADVANCED_FACE('',(#1373,#1374),#31,.F.);
#1579=ADVANCED_FACE('',(#1375),#1505,.T.);
#1580=ADVANCED_FACE('',(#1376,#1377),#32,.F.);
#1581=ADVANCED_FACE('',(#1378),#1506,.T.);
#1582=ADVANCED_FACE('',(#1379),#1507,.T.);
#1583=ADVANCED_FACE('',(#1380),#1508,.T.);
#1584=ADVANCED_FACE('',(#1381),#1509,.T.);
#1585=ADVANCED_FACE('',(#1382,#1383),#33,.F.);
#1586=ADVANCED_FACE('',(#1384,#1385),#22,.F.);
#1587=ADVANCED_FACE('',(#1386,#1387),#34,.F.);
#1588=ADVANCED_FACE('',(#1388,#1389),#23,.F.);
#1589=ADVANCED_FACE('',(#1390,#1391),#35,.F.);
#1590=ADVANCED_FACE('',(#1392,#1393),#24,.F.);
#1591=ADVANCED_FACE('',(#1394,#1395),#36,.F.);
#1592=ADVANCED_FACE('',(#1396,#1397,#1398,#1399,#1400,#1401,#1402,#1403,
#1404),#1510,.T.);
#1593=ADVANCED_FACE('',(#1405,#1406),#25,.F.);
#1594=ADVANCED_FACE('',(#1407,#1408),#37,.F.);
#1595=ADVANCED_FACE('',(#1409,#1410),#1511,.T.);
#1596=ADVANCED_FACE('',(#1411,#1412),#38,.F.);
#1597=ADVANCED_FACE('',(#1413,#1414,#1415),#18,.F.);
#1598=ADVANCED_FACE('',(#1416,#1417),#1512,.F.);
#1599=ADVANCED_FACE('',(#1418,#1419),#19,.T.);
#1600=ADVANCED_FACE('',(#1420),#1513,.F.);
#1601=ADVANCED_FACE('',(#1421),#1514,.T.);
#1602=ADVANCED_FACE('',(#1422),#1515,.T.);
#1603=ADVANCED_FACE('',(#1423),#1516,.T.);
#1604=ADVANCED_FACE('',(#1424),#39,.T.);
#1605=ADVANCED_FACE('',(#1425),#1517,.T.);
#1606=ADVANCED_FACE('',(#1426),#1518,.T.);
#1607=ADVANCED_FACE('',(#1427),#1519,.T.);
#1608=ADVANCED_FACE('',(#1428),#1520,.T.);
#1609=ADVANCED_FACE('',(#1429),#40,.F.);
#1610=ADVANCED_FACE('',(#1430),#1521,.F.);
#1611=ADVANCED_FACE('',(#1431,#1432),#41,.F.);
#1612=ADVANCED_FACE('',(#1433,#1434),#26,.F.);
#1613=ADVANCED_FACE('',(#1435),#42,.F.);
#1614=ADVANCED_FACE('',(#1436),#1522,.F.);
#1615=ADVANCED_FACE('',(#1437),#1523,.T.);
#1616=ADVANCED_FACE('',(#1438),#27,.F.);
#1617=ADVANCED_FACE('',(#1439),#1524,.T.);
#1618=ADVANCED_FACE('',(#1440),#28,.F.);
#1619=ADVANCED_FACE('',(#1441),#1525,.T.);
#1620=ADVANCED_FACE('',(#1442),#1526,.T.);
#1621=ADVANCED_FACE('',(#1443),#1527,.F.);
#1622=ADVANCED_FACE('',(#1444),#1528,.F.);
#1623=ADVANCED_FACE('',(#1445),#1529,.T.);
#1624=ADVANCED_FACE('',(#1446),#1530,.T.);
#1625=ADVANCED_FACE('',(#1447,#1448),#1531,.T.);
#1626=ADVANCED_FACE('',(#1449),#1532,.T.);
#1627=ADVANCED_FACE('',(#1450),#1533,.T.);
#1628=ADVANCED_FACE('',(#1451,#1452),#1534,.T.);
#1629=ADVANCED_FACE('',(#1453,#1454),#1535,.T.);
#1630=ADVANCED_FACE('',(#1455),#1536,.T.);
#1631=ADVANCED_FACE('',(#1456),#1537,.T.);
#1632=ADVANCED_FACE('',(#1457,#1458),#1538,.T.);
#1633=ADVANCED_FACE('',(#1459,#1460),#43,.F.);
#1634=ADVANCED_FACE('',(#1461),#1539,.T.);
#1635=ADVANCED_FACE('',(#1462,#1463),#44,.F.);
#1636=ADVANCED_FACE('',(#1464),#1540,.T.);
#1637=ADVANCED_FACE('',(#1465,#1466),#45,.F.);
#1638=ADVANCED_FACE('',(#1467),#1541,.T.);
#1639=ADVANCED_FACE('',(#1468,#1469),#46,.F.);
#1640=ADVANCED_FACE('',(#1470),#1542,.T.);
#1641=ADVANCED_FACE('',(#1471,#1472),#1543,.T.);
#1642=ADVANCED_FACE('',(#1473,#1474,#1475),#1544,.T.);
#1643=ADVANCED_FACE('',(#1476),#1545,.T.);
#1644=ADVANCED_FACE('',(#1477),#1546,.T.);
#1645=ADVANCED_FACE('',(#1478),#1547,.T.);
#1646=ADVANCED_FACE('',(#1479),#1548,.T.);
#1647=CLOSED_SHELL('',(#1549,#1550,#1551,#1552,#1553,#1554,#1555,#1556,
#1557,#1558,#1559,#1560,#1561,#1562,#1563,#1564,#1565,#1566,#1567,#1568,
#1569,#1570,#1571,#1572,#1573,#1574,#1575,#1576,#1577,#1578,#1579,#1580,
#1581,#1582,#1583,#1584,#1585,#1586,#1587,#1588,#1589,#1590,#1591,#1592,
#1593,#1594,#1595,#1596,#1597,#1598,#1599,#1600,#1601,#1602,#1603,#1604,
#1605,#1606,#1607,#1608,#1609,#1610,#1611,#1612,#1613,#1614,#1615,#1616,
#1617,#1618,#1619,#1620,#1621,#1622,#1623,#1624,#1625,#1626,#1627,#1628,
#1629,#1630,#1631,#1632,#1633,#1634,#1635,#1636,#1637,#1638,#1639,#1640,
#1641,#1642,#1643,#1644,#1645,#1646));
#1648=STYLED_ITEM('',(#1649),#1656);
#1649=PRESENTATION_STYLE_ASSIGNMENT((#1650));
#1650=SURFACE_STYLE_USAGE(.BOTH.,#1651);
#1651=SURFACE_SIDE_STYLE('',(#1652));
#1652=SURFACE_STYLE_FILL_AREA(#1653);
#1653=FILL_AREA_STYLE('',(#1654));
#1654=FILL_AREA_STYLE_COLOUR('',#1655);
#1655=COLOUR_RGB('',0.627450980392157,0.627450980392157,0.627450980392157);
#1656=MANIFOLD_SOLID_BREP('Crescendo Case 2.0',#1647);
#1657=SHAPE_DEFINITION_REPRESENTATION(#2761,#1658);
#1658=SHAPE_REPRESENTATION('Crescendo Case 2.0',(#1659),#2756);
#1659=AXIS2_PLACEMENT_3D('',#2274,#1812,#1813);
#1660=AXIS2_PLACEMENT_3D('',#2275,#1814,#1815);
#1661=AXIS2_PLACEMENT_3D('',#2300,#1828,#1829);
#1662=AXIS2_PLACEMENT_3D('',#2302,#1830,#1831);
#1663=AXIS2_PLACEMENT_3D('',#2304,#1832,#1833);
#1664=AXIS2_PLACEMENT_3D('',#2306,#1834,#1835);
#1665=AXIS2_PLACEMENT_3D('',#2316,#1840,#1841);
#1666=AXIS2_PLACEMENT_3D('',#2322,#1845,#1846);
#1667=AXIS2_PLACEMENT_3D('',#2339,#1855,#1856);
#1668=AXIS2_PLACEMENT_3D('',#2361,#1868,#1869);
#1669=AXIS2_PLACEMENT_3D('',#2365,#1871,#1872);
#1670=AXIS2_PLACEMENT_3D('',#2369,#1874,#1875);
#1671=AXIS2_PLACEMENT_3D('',#2370,#1876,#1877);
#1672=AXIS2_PLACEMENT_3D('',#2385,#1885,#1886);
#1673=AXIS2_PLACEMENT_3D('',#2393,#1891,#1892);
#1674=AXIS2_PLACEMENT_3D('',#2401,#1897,#1898);
#1675=AXIS2_PLACEMENT_3D('',#2403,#1900,#1901);
#1676=AXIS2_PLACEMENT_3D('',#2409,#1905,#1906);
#1677=AXIS2_PLACEMENT_3D('',#2413,#1909,#1910);
#1678=AXIS2_PLACEMENT_3D('',#2415,#1912,#1913);
#1679=AXIS2_PLACEMENT_3D('',#2417,#1915,#1916);
#1680=AXIS2_PLACEMENT_3D('',#2434,#1925,#1926);
#1681=AXIS2_PLACEMENT_3D('',#2438,#1929,#1930);
#1682=AXIS2_PLACEMENT_3D('',#2440,#1932,#1933);
#1683=AXIS2_PLACEMENT_3D('',#2443,#1936,#1937);
#1684=AXIS2_PLACEMENT_3D('',#2445,#1939,#1940);
#1685=AXIS2_PLACEMENT_3D('',#2447,#1942,#1943);
#1686=AXIS2_PLACEMENT_3D('',#2448,#1944,#1945);
#1687=AXIS2_PLACEMENT_3D('',#2449,#1946,#1947);
#1688=AXIS2_PLACEMENT_3D('',#2454,#1949,#1950);
#1689=AXIS2_PLACEMENT_3D('',#2457,#1952,#1953);
#1690=AXIS2_PLACEMENT_3D('',#2458,#1954,#1955);
#1691=AXIS2_PLACEMENT_3D('',#2463,#1958,#1959);
#1692=AXIS2_PLACEMENT_3D('',#2467,#1962,#1963);
#1693=AXIS2_PLACEMENT_3D('',#2471,#1966,#1967);
#1694=AXIS2_PLACEMENT_3D('',#2472,#1968,#1969);
#1695=AXIS2_PLACEMENT_3D('',#2473,#1970,#1971);
#1696=AXIS2_PLACEMENT_3D('',#2476,#1973,#1974);
#1697=AXIS2_PLACEMENT_3D('',#2479,#1976,#1977);
#1698=AXIS2_PLACEMENT_3D('',#2483,#1980,#1981);
#1699=AXIS2_PLACEMENT_3D('',#2484,#1982,#1983);
#1700=AXIS2_PLACEMENT_3D('',#2487,#1985,#1986);
#1701=AXIS2_PLACEMENT_3D('',#2489,#1988,#1989);
#1702=AXIS2_PLACEMENT_3D('',#2490,#1990,#1991);
#1703=AXIS2_PLACEMENT_3D('',#2492,#1992,#1993);
#1704=AXIS2_PLACEMENT_3D('',#2493,#1994,#1995);
#1705=AXIS2_PLACEMENT_3D('',#2495,#1996,#1997);
#1706=AXIS2_PLACEMENT_3D('',#2496,#1998,#1999);
#1707=AXIS2_PLACEMENT_3D('',#2498,#2000,#2001);
#1708=AXIS2_PLACEMENT_3D('',#2499,#2002,#2003);
#1709=AXIS2_PLACEMENT_3D('',#2501,#2004,#2005);
#1710=AXIS2_PLACEMENT_3D('',#2502,#2006,#2007);
#1711=AXIS2_PLACEMENT_3D('',#2504,#2008,#2009);
#1712=AXIS2_PLACEMENT_3D('',#2505,#2010,#2011);
#1713=AXIS2_PLACEMENT_3D('',#2507,#2012,#2013);
#1714=AXIS2_PLACEMENT_3D('',#2508,#2014,#2015);
#1715=AXIS2_PLACEMENT_3D('',#2510,#2016,#2017);
#1716=AXIS2_PLACEMENT_3D('',#2511,#2018,#2019);
#1717=AXIS2_PLACEMENT_3D('',#2513,#2020,#2021);
#1718=AXIS2_PLACEMENT_3D('',#2514,#2022,#2023);
#1719=AXIS2_PLACEMENT_3D('',#2516,#2024,#2025);
#1720=AXIS2_PLACEMENT_3D('',#2517,#2026,#2027);
#1721=AXIS2_PLACEMENT_3D('',#2519,#2028,#2029);
#1722=AXIS2_PLACEMENT_3D('',#2520,#2030,#2031);
#1723=AXIS2_PLACEMENT_3D('',#2522,#2032,#2033);
#1724=AXIS2_PLACEMENT_3D('',#2523,#2034,#2035);
#1725=AXIS2_PLACEMENT_3D('',#2525,#2036,#2037);
#1726=AXIS2_PLACEMENT_3D('',#2526,#2038,#2039);
#1727=AXIS2_PLACEMENT_3D('',#2528,#2040,#2041);
#1728=AXIS2_PLACEMENT_3D('',#2529,#2042,#2043);
#1729=AXIS2_PLACEMENT_3D('',#2531,#2044,#2045);
#1730=AXIS2_PLACEMENT_3D('',#2532,#2046,#2047);
#1731=AXIS2_PLACEMENT_3D('',#2534,#2048,#2049);
#1732=AXIS2_PLACEMENT_3D('',#2535,#2050,#2051);
#1733=AXIS2_PLACEMENT_3D('',#2539,#2054,#2055);
#1734=AXIS2_PLACEMENT_3D('',#2540,#2056,#2057);
#1735=AXIS2_PLACEMENT_3D('',#2541,#2058,#2059);
#1736=AXIS2_PLACEMENT_3D('',#2543,#2060,#2061);
#1737=AXIS2_PLACEMENT_3D('',#2545,#2062,#2063);
#1738=AXIS2_PLACEMENT_3D('',#2546,#2064,#2065);
#1739=AXIS2_PLACEMENT_3D('',#2548,#2066,#2067);
#1740=AXIS2_PLACEMENT_3D('',#2549,#2068,#2069);
#1741=AXIS2_PLACEMENT_3D('',#2551,#2070,#2071);
#1742=AXIS2_PLACEMENT_3D('',#2553,#2072,#2073);
#1743=AXIS2_PLACEMENT_3D('',#2568,#2074,#2075);
#1744=AXIS2_PLACEMENT_3D('',#2569,#2076,#2077);
#1745=AXIS2_PLACEMENT_3D('',#2570,#2078,#2079);
#1746=AXIS2_PLACEMENT_3D('',#2572,#2080,#2081);
#1747=AXIS2_PLACEMENT_3D('',#2573,#2082,#2083);
#1748=AXIS2_PLACEMENT_3D('',#2576,#2084,#2085);
#1749=AXIS2_PLACEMENT_3D('',#2578,#2086,#2087);
#1750=AXIS2_PLACEMENT_3D('',#2595,#2088,#2089);
#1751=AXIS2_PLACEMENT_3D('',#2602,#2094,#2095);
#1752=AXIS2_PLACEMENT_3D('',#2605,#2098,#2099);
#1753=AXIS2_PLACEMENT_3D('',#2609,#2102,#2103);
#1754=AXIS2_PLACEMENT_3D('',#2611,#2105,#2106);
#1755=AXIS2_PLACEMENT_3D('',#2614,#2108,#2109);
#1756=AXIS2_PLACEMENT_3D('',#2615,#2110,#2111);
#1757=AXIS2_PLACEMENT_3D('',#2621,#2115,#2116);
#1758=AXIS2_PLACEMENT_3D('',#2625,#2119,#2120);
#1759=AXIS2_PLACEMENT_3D('',#2629,#2123,#2124);
#1760=AXIS2_PLACEMENT_3D('',#2631,#2126,#2127);
#1761=AXIS2_PLACEMENT_3D('',#2632,#2128,#2129);
#1762=AXIS2_PLACEMENT_3D('',#2637,#2132,#2133);
#1763=AXIS2_PLACEMENT_3D('',#2641,#2136,#2137);
#1764=AXIS2_PLACEMENT_3D('',#2642,#2138,#2139);
#1765=AXIS2_PLACEMENT_3D('',#2644,#2140,#2141);
#1766=AXIS2_PLACEMENT_3D('',#2645,#2142,#2143);
#1767=AXIS2_PLACEMENT_3D('',#2647,#2144,#2145);
#1768=AXIS2_PLACEMENT_3D('',#2648,#2146,#2147);
#1769=AXIS2_PLACEMENT_3D('',#2651,#2149,#2150);
#1770=AXIS2_PLACEMENT_3D('',#2653,#2152,#2153);
#1771=AXIS2_PLACEMENT_3D('',#2659,#2157,#2158);
#1772=AXIS2_PLACEMENT_3D('',#2660,#2159,#2160);
#1773=AXIS2_PLACEMENT_3D('',#2663,#2162,#2163);
#1774=AXIS2_PLACEMENT_3D('',#2667,#2166,#2167);
#1775=AXIS2_PLACEMENT_3D('',#2668,#2168,#2169);
#1776=AXIS2_PLACEMENT_3D('',#2669,#2170,#2171);
#1777=AXIS2_PLACEMENT_3D('',#2673,#2174,#2175);
#1778=AXIS2_PLACEMENT_3D('',#2677,#2178,#2179);
#1779=AXIS2_PLACEMENT_3D('',#2682,#2183,#2184);
#1780=AXIS2_PLACEMENT_3D('',#2689,#2189,#2190);
#1781=AXIS2_PLACEMENT_3D('',#2693,#2193,#2194);
#1782=AXIS2_PLACEMENT_3D('',#2695,#2196,#2197);
#1783=AXIS2_PLACEMENT_3D('',#2696,#2198,#2199);
#1784=AXIS2_PLACEMENT_3D('',#2700,#2201,#2202);
#1785=AXIS2_PLACEMENT_3D('',#2704,#2205,#2206);
#1786=AXIS2_PLACEMENT_3D('',#2706,#2208,#2209);
#1787=AXIS2_PLACEMENT_3D('',#2707,#2210,#2211);
#1788=AXIS2_PLACEMENT_3D('',#2711,#2213,#2214);
#1789=AXIS2_PLACEMENT_3D('',#2712,#2215,#2216);
#1790=AXIS2_PLACEMENT_3D('',#2716,#2218,#2219);
#1791=AXIS2_PLACEMENT_3D('',#2720,#2222,#2223);
#1792=AXIS2_PLACEMENT_3D('',#2722,#2225,#2226);
#1793=AXIS2_PLACEMENT_3D('',#2723,#2227,#2228);
#1794=AXIS2_PLACEMENT_3D('',#2727,#2230,#2231);
#1795=AXIS2_PLACEMENT_3D('',#2728,#2232,#2233);
#1796=AXIS2_PLACEMENT_3D('',#2729,#2234,#2235);
#1797=AXIS2_PLACEMENT_3D('',#2730,#2236,#2237);
#1798=AXIS2_PLACEMENT_3D('',#2731,#2238,#2239);
#1799=AXIS2_PLACEMENT_3D('',#2732,#2240,#2241);
#1800=AXIS2_PLACEMENT_3D('',#2733,#2242,#2243);
#1801=AXIS2_PLACEMENT_3D('',#2734,#2244,#2245);
#1802=AXIS2_PLACEMENT_3D('',#2735,#2246,#2247);
#1803=AXIS2_PLACEMENT_3D('',#2736,#2248,#2249);
#1804=AXIS2_PLACEMENT_3D('',#2737,#2250,#2251);
#1805=AXIS2_PLACEMENT_3D('',#2738,#2252,#2253);
#1806=AXIS2_PLACEMENT_3D('',#2739,#2254,#2255);
#1807=AXIS2_PLACEMENT_3D('',#2743,#2258,#2259);
#1808=AXIS2_PLACEMENT_3D('',#2747,#2262,#2263);
#1809=AXIS2_PLACEMENT_3D('',#2750,#2266,#2267);
#1810=AXIS2_PLACEMENT_3D('',#2752,#2269,#2270);
#1811=AXIS2_PLACEMENT_3D('',#2754,#2272,#2273);
#1812=DIRECTION('',(0.,0.,1.));
#1813=DIRECTION('',(1.,0.,0.));
#1814=DIRECTION('',(0.,0.,-1.));
#1815=DIRECTION('',(0.,1.,0.));
#1816=DIRECTION('',(0.,-1.,0.));
#1817=DIRECTION('',(-1.,0.,0.));
#1818=DIRECTION('',(0.,1.,0.));
#1819=DIRECTION('',(1.,1.237167130154E-16,0.));
#1820=DIRECTION('',(0.,1.,0.));
#1821=DIRECTION('',(1.,0.,0.));
#1822=DIRECTION('',(0.,1.,0.));
#1823=DIRECTION('',(1.,0.,0.));
#1824=DIRECTION('',(0.,-1.,0.));
#1825=DIRECTION('',(-1.,0.,0.));
#1826=DIRECTION('',(0.,-1.,0.));
#1827=DIRECTION('',(-1.,0.,0.));
#1828=DIRECTION('',(0.,0.,1.));
#1829=DIRECTION('',(-1.,0.,0.));
#1830=DIRECTION('',(0.,0.,1.));
#1831=DIRECTION('',(-1.,0.,0.));
#1832=DIRECTION('',(0.,0.,1.));
#1833=DIRECTION('',(-1.,0.,0.));
#1834=DIRECTION('',(0.,0.,1.));
#1835=DIRECTION('',(-1.,0.,0.));
#1836=DIRECTION('',(1.,0.,0.));
#1837=DIRECTION('',(0.,-1.,0.));
#1838=DIRECTION('',(-1.,0.,0.));
#1839=DIRECTION('',(7.267660167499E-34,1.,0.));
#1840=DIRECTION('',(1.,0.,0.));
#1841=DIRECTION('',(0.,-1.,0.));
#1842=DIRECTION('',(0.,1.,0.));
#1843=DIRECTION('',(0.,0.,-1.));
#1844=DIRECTION('',(0.,0.,-1.));
#1845=DIRECTION('',(0.,0.,1.));
#1846=DIRECTION('',(0.,-1.,0.));
#1847=DIRECTION('',(-1.,0.,0.));
#1848=DIRECTION('',(0.,-1.,0.));
#1849=DIRECTION('',(1.,0.,0.));
#1850=DIRECTION('',(0.,1.,0.));
#1851=DIRECTION('',(0.,1.,0.));
#1852=DIRECTION('',(1.,0.,0.));
#1853=DIRECTION('',(0.,-1.,0.));
#1854=DIRECTION('',(-1.,0.,0.));
#1855=DIRECTION('',(1.,0.,0.));
#1856=DIRECTION('',(0.,1.,0.));
#1857=DIRECTION('',(0.,-1.,0.));
#1858=DIRECTION('',(0.,0.,1.));
#1859=DIRECTION('',(0.,1.,0.));
#1860=DIRECTION('',(0.,0.,1.));
#1861=DIRECTION('',(0.,-1.,0.));
#1862=DIRECTION('',(0.,0.,-1.));
#1863=DIRECTION('',(0.,1.,0.));
#1864=DIRECTION('',(0.,0.,1.));
#1865=DIRECTION('',(0.,-1.,0.));
#1866=DIRECTION('',(0.,0.,-1.));
#1867=DIRECTION('',(0.,0.,1.));
#1868=DIRECTION('',(-1.,0.,0.));
#1869=DIRECTION('',(0.,-1.,0.));
#1870=DIRECTION('',(0.,-1.,1.77635683940025E-15));
#1871=DIRECTION('',(-1.,0.,0.));
#1872=DIRECTION('',(0.,0.,-1.));
#1873=DIRECTION('',(0.,1.,0.));
#1874=DIRECTION('',(-1.,0.,0.));
#1875=DIRECTION('',(0.,-4.44089209850062E-15,1.));
#1876=DIRECTION('',(-1.,0.,0.));
#1877=DIRECTION('',(0.,0.,1.));
#1878=DIRECTION('',(0.,0.,-1.));
#1879=DIRECTION('',(0.,0.,1.));
#1880=DIRECTION('',(0.,1.,0.));
#1881=DIRECTION('',(0.,0.,1.));
#1882=DIRECTION('',(0.,-1.,0.));
#1883=DIRECTION('',(0.,0.,1.));
#1884=DIRECTION('',(0.,1.,0.));
#1885=DIRECTION('',(0.,1.,0.));
#1886=DIRECTION('',(1.,0.,0.));
#1887=DIRECTION('',(0.,0.,-1.));
#1888=DIRECTION('',(0.707106781186548,0.,-0.707106781186547));
#1889=DIRECTION('',(1.,0.,0.));
#1890=DIRECTION('',(0.,0.,-1.));
#1891=DIRECTION('',(0.,-1.,0.));
#1892=DIRECTION('',(-1.,0.,0.));
#1893=DIRECTION('',(0.,0.,-1.));
#1894=DIRECTION('',(-1.,0.,0.));
#1895=DIRECTION('',(-0.707106781186548,0.,0.707106781186547));
#1896=DIRECTION('',(0.,0.,-1.));
#1897=DIRECTION('',(1.,0.,0.));
#1898=DIRECTION('',(0.,-1.,0.));
#1899=DIRECTION('',(0.,-1.,0.));
#1900=DIRECTION('',(-1.,0.,0.));
#1901=DIRECTION('',(0.,1.,0.));
#1902=DIRECTION('',(0.,1.,0.));
#1903=DIRECTION('',(0.,0.,-1.));
#1904=DIRECTION('',(0.,0.,-1.));
#1905=DIRECTION('',(0.,-1.,0.));
#1906=DIRECTION('',(-1.,0.,0.));
#1907=DIRECTION('',(-1.,0.,0.));
#1908=DIRECTION('',(0.,0.,-1.));
#1909=DIRECTION('',(-1.,0.,0.));
#1910=DIRECTION('',(0.,1.,0.));
#1911=DIRECTION('',(0.,1.,0.));
#1912=DIRECTION('',(-0.707106781186548,0.,-0.707106781186548));
#1913=DIRECTION('',(0.,1.,0.));
#1914=DIRECTION('',(0.,-1.,0.));
#1915=DIRECTION('',(0.,0.,-1.));
#1916=DIRECTION('',(1.,0.,0.));
#1917=DIRECTION('',(-1.,0.,0.));
#1918=DIRECTION('',(0.,1.,0.));
#1919=DIRECTION('',(1.,0.,0.));
#1920=DIRECTION('',(0.,-1.,0.));
#1921=DIRECTION('',(7.267660167499E-34,1.,0.));
#1922=DIRECTION('',(1.,0.,0.));
#1923=DIRECTION('',(0.,-1.,0.));
#1924=DIRECTION('',(1.,0.,0.));
#1925=DIRECTION('',(0.,1.,0.));
#1926=DIRECTION('',(1.,0.,0.));
#1927=DIRECTION('',(1.,0.,0.));
#1928=DIRECTION('',(0.,0.,-1.));
#1929=DIRECTION('',(1.,0.,0.));
#1930=DIRECTION('',(0.,-1.,0.));
#1931=DIRECTION('',(0.,-1.,0.));
#1932=DIRECTION('',(-0.707106781186548,0.,0.707106781186548));
#1933=DIRECTION('',(0.,1.,0.));
#1934=DIRECTION('',(0.577350269189626,0.577350269189626,0.577350269189626));
#1935=DIRECTION('',(-0.577350269189626,0.577350269189625,-0.577350269189626));
#1936=DIRECTION('',(0.,0.707106781186548,0.707106781186548));
#1937=DIRECTION('',(1.,0.,0.));
#1938=DIRECTION('',(0.577350269189629,0.577350269189624,-0.577350269189625));
#1939=DIRECTION('',(0.707106781186548,0.,0.707106781186548));
#1940=DIRECTION('',(0.,-1.,0.));
#1941=DIRECTION('',(0.577350269189628,-0.577350269189625,-0.577350269189625));
#1942=DIRECTION('',(0.,-0.707106781186548,0.707106781186548));
#1943=DIRECTION('',(-1.,0.,0.));
#1944=DIRECTION('',(0.,0.,-1.));
#1945=DIRECTION('',(-1.,0.,0.));
#1946=DIRECTION('',(0.,0.,1.));
#1947=DIRECTION('',(-1.,5.55111512313274E-15,0.));
#1948=DIRECTION('',(0.,1.,0.));
#1949=DIRECTION('',(0.,0.,1.));
#1950=DIRECTION('',(1.,-2.77555756156637E-15,0.));
#1951=DIRECTION('',(0.,-1.,0.));
#1952=DIRECTION('',(0.,0.,1.));
#1953=DIRECTION('',(-1.,5.55111512313274E-15,0.));
#1954=DIRECTION('',(0.,0.,1.));
#1955=DIRECTION('',(-1.,5.55111512313274E-15,0.));
#1956=DIRECTION('',(0.,0.,1.));
#1957=DIRECTION('',(0.,0.,1.));
#1958=DIRECTION('',(1.,0.,0.));
#1959=DIRECTION('',(0.,1.,0.));
#1960=DIRECTION('',(0.,1.,0.));
#1961=DIRECTION('',(0.,0.,1.));
#1962=DIRECTION('',(-1.,0.,0.));
#1963=DIRECTION('',(0.,-1.,0.));
#1964=DIRECTION('',(0.,-1.,0.));
#1965=DIRECTION('',(0.,0.,1.));
#1966=DIRECTION('',(0.,0.,1.));
#1967=DIRECTION('',(1.,-2.77555756156637E-15,0.));
#1968=DIRECTION('',(0.,0.,1.));
#1969=DIRECTION('',(1.,-2.77555756156637E-15,0.));
#1970=DIRECTION('',(0.,0.,-1.));
#1971=DIRECTION('',(-1.,5.55111512313274E-15,0.));
#1972=DIRECTION('',(0.707106781186548,0.,0.707106781186547));
#1973=DIRECTION('',(0.,0.,-1.));
#1974=DIRECTION('',(-1.,5.55111512313274E-15,0.));
#1975=DIRECTION('',(0.707106781186548,0.,-0.707106781186547));
#1976=DIRECTION('',(-0.707106781186548,0.,-0.707106781186548));
#1977=DIRECTION('',(0.,1.,0.));
#1978=DIRECTION('',(0.,-1.,0.));
#1979=DIRECTION('',(0.707106781186548,-1.96261557335472E-15,-0.707106781186547));
#1980=DIRECTION('',(0.,0.,-1.));
#1981=DIRECTION('',(1.,-2.77555756156637E-15,0.));
#1982=DIRECTION('',(0.,0.,-1.));
#1983=DIRECTION('',(1.,-2.77555756156637E-15,0.));
#1984=DIRECTION('',(-0.707106781186548,0.,-0.707106781186547));
#1985=DIRECTION('',(0.707106781186548,0.,-0.707106781186548));
#1986=DIRECTION('',(0.,-1.,0.));
#1987=DIRECTION('',(0.,1.,0.));
#1988=DIRECTION('',(0.,0.,-1.));
#1989=DIRECTION('',(-1.,0.,0.));
#1990=DIRECTION('',(0.,0.,1.));
#1991=DIRECTION('',(-1.,0.,0.));
#1992=DIRECTION('',(0.,0.,1.));
#1993=DIRECTION('',(-1.,0.,0.));
#1994=DIRECTION('',(0.,0.,1.));
#1995=DIRECTION('',(-1.,0.,0.));
#1996=DIRECTION('',(0.,0.,-1.));
#1997=DIRECTION('',(-1.,0.,0.));
#1998=DIRECTION('',(0.,0.,1.));
#1999=DIRECTION('',(-1.,0.,0.));
#2000=DIRECTION('',(0.,0.,1.));
#2001=DIRECTION('',(-1.,0.,0.));
#2002=DIRECTION('',(0.,0.,1.));
#2003=DIRECTION('',(-1.,0.,0.));
#2004=DIRECTION('',(0.,0.,-1.));
#2005=DIRECTION('',(-1.,0.,0.));
#2006=DIRECTION('',(0.,0.,1.));
#2007=DIRECTION('',(-1.,0.,0.));
#2008=DIRECTION('',(0.,0.,-1.));
#2009=DIRECTION('',(-1.,0.,0.));
#2010=DIRECTION('',(0.,0.,1.));
#2011=DIRECTION('',(-1.,0.,0.));
#2012=DIRECTION('',(0.,0.,-1.));
#2013=DIRECTION('',(-1.,0.,0.));
#2014=DIRECTION('',(0.,0.,1.));
#2015=DIRECTION('',(-1.,0.,0.));
#2016=DIRECTION('',(0.,0.,-1.));
#2017=DIRECTION('',(-1.,0.,0.));
#2018=DIRECTION('',(0.,0.,1.));
#2019=DIRECTION('',(-1.,0.,0.));
#2020=DIRECTION('',(0.,0.,1.));
#2021=DIRECTION('',(-1.,0.,0.));
#2022=DIRECTION('',(0.,0.,1.));
#2023=DIRECTION('',(-1.,0.,0.));
#2024=DIRECTION('',(0.,0.,-1.));
#2025=DIRECTION('',(-1.,0.,0.));
#2026=DIRECTION('',(0.,0.,-1.));
#2027=DIRECTION('',(-1.,0.,0.));
#2028=DIRECTION('',(0.,0.,1.));
#2029=DIRECTION('',(-1.,0.,0.));
#2030=DIRECTION('',(0.,0.,1.));
#2031=DIRECTION('',(-1.,0.,0.));
#2032=DIRECTION('',(0.,0.,-1.));
#2033=DIRECTION('',(-1.,0.,0.));
#2034=DIRECTION('',(0.,0.,-1.));
#2035=DIRECTION('',(-1.,0.,0.));
#2036=DIRECTION('',(0.,0.,1.));
#2037=DIRECTION('',(-1.,0.,0.));
#2038=DIRECTION('',(0.,0.,1.));
#2039=DIRECTION('',(-1.,0.,0.));
#2040=DIRECTION('',(0.,0.,-1.));
#2041=DIRECTION('',(-1.,0.,0.));
#2042=DIRECTION('',(0.,0.,-1.));
#2043=DIRECTION('',(-1.,0.,0.));
#2044=DIRECTION('',(0.,0.,1.));
#2045=DIRECTION('',(-1.,0.,0.));
#2046=DIRECTION('',(0.,0.,1.));
#2047=DIRECTION('',(-1.,0.,0.));
#2048=DIRECTION('',(0.,0.,-1.));
#2049=DIRECTION('',(0.,1.,0.));
#2050=DIRECTION('',(0.,0.,-1.));
#2051=DIRECTION('',(-1.,0.,0.));
#2052=DIRECTION('',(1.,1.237167130154E-16,0.));
#2053=DIRECTION('',(-1.,0.,0.));
#2054=DIRECTION('',(0.,0.,-1.));
#2055=DIRECTION('',(-1.,0.,0.));
#2056=DIRECTION('',(0.,-1.,0.));
#2057=DIRECTION('',(-1.,0.,0.));
#2058=DIRECTION('',(0.,1.,0.));
#2059=DIRECTION('',(-1.,0.,0.));
#2060=DIRECTION('',(0.,1.,0.));
#2061=DIRECTION('',(-1.,0.,0.));
#2062=DIRECTION('',(0.,1.,0.));
#2063=DIRECTION('',(-1.,0.,0.));
#2064=DIRECTION('',(0.,-1.,0.));
#2065=DIRECTION('',(-1.,0.,0.));
#2066=DIRECTION('',(0.,-1.,0.));
#2067=DIRECTION('',(-1.,0.,0.));
#2068=DIRECTION('',(0.,1.,0.));
#2069=DIRECTION('',(-1.,0.,0.));
#2070=DIRECTION('',(0.,-1.,0.));
#2071=DIRECTION('',(-1.,0.,0.));
#2072=DIRECTION('',(0.,-1.,0.));
#2073=DIRECTION('',(-1.,0.,0.));
#2074=DIRECTION('',(0.,-1.,0.));
#2075=DIRECTION('',(-1.,0.,0.));
#2076=DIRECTION('',(0.,1.,0.));
#2077=DIRECTION('',(-1.,0.,0.));
#2078=DIRECTION('',(0.,1.,0.));
#2079=DIRECTION('',(-1.,0.,0.));
#2080=DIRECTION('',(0.,-1.,0.));
#2081=DIRECTION('',(-1.,0.,0.));
#2082=DIRECTION('',(0.,-1.,0.));
#2083=DIRECTION('',(-1.,0.,0.));
#2084=DIRECTION('',(0.,-1.,0.));
#2085=DIRECTION('',(-1.,0.,0.));
#2086=DIRECTION('',(0.,-1.,0.));
#2087=DIRECTION('',(-1.,0.,0.));
#2088=DIRECTION('',(-0.00527244312224024,0.,-0.999986100575164));
#2089=DIRECTION('',(0.999986100575164,0.,-0.00527244312224024));
#2090=DIRECTION('',(0.,-1.,0.));
#2091=DIRECTION('',(-0.999986100575164,0.,0.00527244312224024));
#2092=DIRECTION('',(-0.999986100575164,0.,0.00527244312224024));
#2093=DIRECTION('',(0.,1.,0.));
#2094=DIRECTION('',(0.,-1.,0.));
#2095=DIRECTION('',(1.,0.,0.));
#2096=DIRECTION('',(1.,0.,0.));
#2097=DIRECTION('',(-1.,0.,0.));
#2098=DIRECTION('',(0.,0.,-1.));
#2099=DIRECTION('',(1.,0.,0.));
#2100=DIRECTION('',(-1.,0.,0.));
#2101=DIRECTION('',(0.,-1.,0.));
#2102=DIRECTION('',(0.,0.,1.));
#2103=DIRECTION('',(-1.,0.,0.));
#2104=DIRECTION('',(1.,0.,0.));
#2105=DIRECTION('',(0.,-1.,0.));
#2106=DIRECTION('',(-0.00527244312518105,0.,-0.999986100575149));
#2107=DIRECTION('',(0.,1.,0.));
#2108=DIRECTION('',(0.,1.,0.));
#2109=DIRECTION('',(-1.,0.,0.));
#2110=DIRECTION('',(0.,-1.,0.));
#2111=DIRECTION('',(1.,0.,0.));
#2112=DIRECTION('',(-0.999944402687046,0.,0.0105447396766266));
#2113=DIRECTION('',(-0.0105447396766239,0.,-0.999944402687046));
#2114=DIRECTION('',(0.999944402687046,0.,-0.0105447396766266));
#2115=DIRECTION('',(0.0105447396766266,0.,0.999944402687046));
#2116=DIRECTION('',(-0.999944402687046,0.,0.0105447396766266));
#2117=DIRECTION('',(0.999944402687046,0.,-0.0105447396766266));
#2118=DIRECTION('',(0.,-1.,0.));
#2119=DIRECTION('',(-0.999944402687046,0.,0.0105447396766239));
#2120=DIRECTION('',(-0.0105447396766239,0.,-0.999944402687046));
#2121=DIRECTION('',(0.0105447396766239,0.,0.999944402687046));
#2122=DIRECTION('',(0.,-1.,0.));
#2123=DIRECTION('',(-0.0105447396766266,0.,-0.999944402687046));
#2124=DIRECTION('',(0.999944402687046,0.,-0.0105447396766266));
#2125=DIRECTION('',(-0.999944402687046,0.,0.0105447396766266));
#2126=DIRECTION('',(1.,0.,0.));
#2127=DIRECTION('',(0.,0.,-1.));
#2128=DIRECTION('',(1.,-7.267660167499E-34,0.));
#2129=DIRECTION('',(0.,0.,-1.));
#2130=DIRECTION('',(1.,0.,0.));
#2131=DIRECTION('',(1.,0.,0.));
#2132=DIRECTION('',(0.,0.,-1.));
#2133=DIRECTION('',(-3.73837354889723E-33,1.,0.));
#2134=DIRECTION('',(7.267660167499E-34,1.,-1.77635683940025E-15));
#2135=DIRECTION('',(1.,0.,0.));
#2136=DIRECTION('',(1.,0.,0.));
#2137=DIRECTION('',(0.,0.,1.));
#2138=DIRECTION('',(1.,-7.267660167499E-34,0.));
#2139=DIRECTION('',(0.,0.,1.));
#2140=DIRECTION('',(-1.,0.,0.));
#2141=DIRECTION('',(0.,0.,1.));
#2142=DIRECTION('',(-1.,7.267660167499E-34,0.));
#2143=DIRECTION('',(0.,0.,1.));
#2144=DIRECTION('',(1.,0.,0.));
#2145=DIRECTION('',(0.,-4.44089209850062E-15,1.));
#2146=DIRECTION('',(1.,-7.267660167499E-34,0.));
#2147=DIRECTION('',(0.,-4.44089209850062E-15,1.));
#2148=DIRECTION('',(1.,0.,0.));
#2149=DIRECTION('',(0.,0.,1.));
#2150=DIRECTION('',(3.73837354889723E-33,-1.,0.));
#2151=DIRECTION('',(-7.267660167499E-34,-1.,0.));
#2152=DIRECTION('',(-0.707106781186548,0.,0.707106781186548));
#2153=DIRECTION('',(8.88178419700125E-16,1.,8.88178419700125E-16));
#2154=DIRECTION('',(0.707106781186549,-3.92523114670945E-15,0.707106781186546));
#2155=DIRECTION('',(-7.267660167499E-34,-1.,1.77635683940025E-15));
#2156=DIRECTION('',(-0.707106781186547,0.,-0.707106781186548));
#2157=DIRECTION('',(-1.,0.,0.));
#2158=DIRECTION('',(0.,0.,-1.));
#2159=DIRECTION('',(-1.,7.267660167499E-34,0.));
#2160=DIRECTION('',(0.,0.,-1.));
#2161=DIRECTION('',(-0.707106781186547,0.,0.707106781186548));
#2162=DIRECTION('',(-0.707106781186548,0.,-0.707106781186548));
#2163=DIRECTION('',(3.6338300837495E-34,1.,-3.6338300837495E-34));
#2164=DIRECTION('',(7.267660167499E-34,1.,0.));
#2165=DIRECTION('',(-0.707106781186549,-3.92523114670945E-15,0.707106781186546));
#2166=DIRECTION('',(-1.,0.,0.));
#2167=DIRECTION('',(-1.76044879704185E-48,-4.44089209850062E-15,1.));
#2168=DIRECTION('',(-1.,7.267660167499E-34,0.));
#2169=DIRECTION('',(-3.2274894612434E-48,-4.44089209850062E-15,1.));
#2170=DIRECTION('',(0.,-1.,0.));
#2171=DIRECTION('',(1.,0.,0.));
#2172=DIRECTION('',(0.707106781186548,0.,-0.707106781186547));
#2173=DIRECTION('',(0.,0.,1.));
#2174=DIRECTION('',(1.,0.,0.));
#2175=DIRECTION('',(0.,1.,0.));
#2176=DIRECTION('',(0.,1.,0.));
#2177=DIRECTION('',(0.,0.,-1.));
#2178=DIRECTION('',(0.,1.,0.));
#2179=DIRECTION('',(-1.,0.,0.));
#2180=DIRECTION('',(0.,0.,1.));
#2181=DIRECTION('',(0.707106781186548,0.,0.707106781186548));
#2182=DIRECTION('',(0.707106781186548,0.,-0.707106781186547));
#2183=DIRECTION('',(0.,-1.,0.));
#2184=DIRECTION('',(1.,0.,0.));
#2185=DIRECTION('',(0.,0.,-1.));
#2186=DIRECTION('',(0.,0.,1.));
#2187=DIRECTION('',(-0.707106781186548,-8.74809267192995E-17,0.707106781186547));
#2188=DIRECTION('',(-0.707106781186548,-8.74809267192995E-17,-0.707106781186548));
#2189=DIRECTION('',(0.,1.,0.));
#2190=DIRECTION('',(-1.,0.,0.));
#2191=DIRECTION('',(-0.707106781186548,0.,-0.707106781186548));
#2192=DIRECTION('',(0.,0.,1.));
#2193=DIRECTION('',(-1.,0.,0.));
#2194=DIRECTION('',(0.,-1.,0.));
#2195=DIRECTION('',(0.,-1.,0.));
#2196=DIRECTION('',(0.707106781186548,0.,0.707106781186548));
#2197=DIRECTION('',(0.,-1.,0.));
#2198=DIRECTION('',(-0.707106781186547,0.,-0.707106781186548));
#2199=DIRECTION('',(-0.707106781186548,0.,0.707106781186547));
#2200=DIRECTION('',(0.,1.,0.));
#2201=DIRECTION('',(1.,0.,0.));
#2202=DIRECTION('',(0.,1.,0.));
#2203=DIRECTION('',(0.,1.,0.));
#2204=DIRECTION('',(0.,0.,1.));
#2205=DIRECTION('',(0.,1.,0.));
#2206=DIRECTION('',(-1.,0.,0.));
#2207=DIRECTION('',(-0.707106781186548,0.,0.707106781186547));
#2208=DIRECTION('',(0.707106781186548,0.,0.707106781186548));
#2209=DIRECTION('',(0.,-1.,0.));
#2210=DIRECTION('',(-0.707106781186547,0.,-0.707106781186548));
#2211=DIRECTION('',(-0.707106781186548,0.,0.707106781186547));
#2212=DIRECTION('',(0.,1.,0.));
#2213=DIRECTION('',(-0.707106781186548,0.,0.707106781186548));
#2214=DIRECTION('',(0.,1.,0.));
#2215=DIRECTION('',(0.707106781186548,0.,-0.707106781186548));
#2216=DIRECTION('',(-0.707106781186548,0.,-0.707106781186548));
#2217=DIRECTION('',(0.,-1.,0.));
#2218=DIRECTION('',(-1.,0.,0.));
#2219=DIRECTION('',(0.,-1.,0.));
#2220=DIRECTION('',(0.,-1.,0.));
#2221=DIRECTION('',(0.,0.,1.));
#2222=DIRECTION('',(0.,-1.,0.));
#2223=DIRECTION('',(1.,0.,0.));
#2224=DIRECTION('',(0.707106781186548,0.,0.707106781186548));
#2225=DIRECTION('',(-0.707106781186548,0.,0.707106781186548));
#2226=DIRECTION('',(0.,1.,0.));
#2227=DIRECTION('',(0.707106781186548,0.,-0.707106781186548));
#2228=DIRECTION('',(-0.707106781186548,0.,-0.707106781186548));
#2229=DIRECTION('',(0.,-1.,0.));
#2230=DIRECTION('',(0.,0.,1.));
#2231=DIRECTION('',(-1.,0.,0.));
#2232=DIRECTION('',(0.,0.,1.));
#2233=DIRECTION('',(-1.,0.,0.));
#2234=DIRECTION('',(0.,0.,-1.));
#2235=DIRECTION('',(-1.,0.,0.));
#2236=DIRECTION('',(0.,0.,1.));
#2237=DIRECTION('',(-1.,0.,0.));
#2238=DIRECTION('',(0.,0.,1.));
#2239=DIRECTION('',(-1.,0.,0.));
#2240=DIRECTION('',(0.,0.,-1.));
#2241=DIRECTION('',(-1.,0.,0.));
#2242=DIRECTION('',(0.,0.,1.));
#2243=DIRECTION('',(-1.,0.,0.));
#2244=DIRECTION('',(0.,0.,1.));
#2245=DIRECTION('',(-1.,0.,0.));
#2246=DIRECTION('',(0.,0.,-1.));
#2247=DIRECTION('',(-1.,0.,0.));
#2248=DIRECTION('',(0.,0.,1.));
#2249=DIRECTION('',(-1.,0.,0.));
#2250=DIRECTION('',(0.,0.,1.));
#2251=DIRECTION('',(-1.,0.,0.));
#2252=DIRECTION('',(0.,0.,-1.));
#2253=DIRECTION('',(-1.,0.,0.));
#2254=DIRECTION('',(0.,1.,0.));
#2255=DIRECTION('',(1.,0.,0.));
#2256=DIRECTION('',(-1.,0.,0.));
#2257=DIRECTION('',(0.,0.,-1.));
#2258=DIRECTION('',(-1.,7.267660167499E-34,0.));
#2259=DIRECTION('',(7.267660167499E-34,1.,0.));
#2260=DIRECTION('',(-7.267660167499E-34,-1.,0.));
#2261=DIRECTION('',(0.,0.,-1.));
#2262=DIRECTION('',(0.,-1.,0.));
#2263=DIRECTION('',(-1.,0.,0.));
#2264=DIRECTION('',(0.707106781186548,0.,0.707106781186547));
#2265=DIRECTION('',(0.707106781186548,0.,-0.707106781186547));
#2266=DIRECTION('',(-0.707106781186548,0.,0.707106781186548));
#2267=DIRECTION('',(3.6338300837495E-34,1.,3.6338300837495E-34));
#2268=DIRECTION('',(0.577350269189626,-0.577350269189626,0.577350269189626));
#2269=DIRECTION('',(0.707106781186548,0.,0.707106781186548));
#2270=DIRECTION('',(0.,-1.,0.));
#2271=DIRECTION('',(0.577350269189626,0.577350269189626,-0.577350269189626));
#2272=DIRECTION('',(0.,0.707106781186548,0.707106781186548));
#2273=DIRECTION('',(1.,0.,0.));
#2274=CARTESIAN_POINT('',(0.,0.,0.));
#2275=CARTESIAN_POINT('',(0.0403,0.02385,-0.0504));
#2276=CARTESIAN_POINT('',(0.0016,0.034575,-0.0504));
#2277=CARTESIAN_POINT('',(0.0016,0.0401,-0.0504));
#2278=CARTESIAN_POINT('',(0.0016,0.0064,-0.0504));
#2279=CARTESIAN_POINT('',(0.0068,0.0064,-0.0504));
#2280=CARTESIAN_POINT('',(0.0068,0.0064,-0.0504));
#2281=CARTESIAN_POINT('',(0.0068,0.0012,-0.0504));
#2282=CARTESIAN_POINT('',(0.0068,0.0012,-0.0504));
#2283=CARTESIAN_POINT('',(0.02095,0.0012,-0.0504));
#2284=CARTESIAN_POINT('',(0.0738,0.0012,-0.0504));
#2285=CARTESIAN_POINT('',(0.0738,0.0012,-0.0504));
#2286=CARTESIAN_POINT('',(0.0738,0.0064,-0.0504));
#2287=CARTESIAN_POINT('',(0.0738,0.0064,-0.0504));
#2288=CARTESIAN_POINT('',(0.079,0.0064,-0.0504));
#2289=CARTESIAN_POINT('',(0.079,0.012525,-0.0504));
#2290=CARTESIAN_POINT('',(0.079,0.0401,-0.0504));
#2291=CARTESIAN_POINT('',(0.0738,0.0401,-0.0504));
#2292=CARTESIAN_POINT('',(0.0738,0.0401,-0.0504));
#2293=CARTESIAN_POINT('',(0.0738,0.0453,-0.0504));
#2294=CARTESIAN_POINT('',(0.0738,0.0453,-0.0504));
#2295=CARTESIAN_POINT('',(0.05965,0.0453,-0.0504));
#2296=CARTESIAN_POINT('',(0.0068,0.0453,-0.0504));
#2297=CARTESIAN_POINT('',(0.0068,0.0453,-0.0504));
#2298=CARTESIAN_POINT('',(0.0068,0.0401,-0.0504));
#2299=CARTESIAN_POINT('',(0.0068,0.0401,-0.0504));
#2300=CARTESIAN_POINT('',(0.0764,0.0038,-0.0504));
#2301=CARTESIAN_POINT('',(0.0754,0.0038,-0.0504));
#2302=CARTESIAN_POINT('',(0.0042,0.0038,-0.0504));
#2303=CARTESIAN_POINT('',(0.0032,0.0038,-0.0504));
#2304=CARTESIAN_POINT('',(0.0764,0.0427,-0.0504));
#2305=CARTESIAN_POINT('',(0.0754,0.0427,-0.0504));
#2306=CARTESIAN_POINT('',(0.0042,0.0427,-0.0504));
#2307=CARTESIAN_POINT('',(0.0032,0.0427,-0.0504));
#2308=CARTESIAN_POINT('',(0.0806,0.0477,-0.0504));
#2309=CARTESIAN_POINT('',(0.,0.0477,-0.0504));
#2310=CARTESIAN_POINT('',(0.0806,0.0477,-0.0504));
#2311=CARTESIAN_POINT('',(0.0806,0.,-0.0504));
#2312=CARTESIAN_POINT('',(0.0806,0.,-0.0504));
#2313=CARTESIAN_POINT('',(0.,0.,-0.0504));
#2314=CARTESIAN_POINT('',(0.,0.,-0.0504));
#2315=CARTESIAN_POINT('',(3.46667389989702E-35,0.0477,-0.0504));
#2316=CARTESIAN_POINT('',(0.0806,0.0477,0.));
#2317=CARTESIAN_POINT('',(0.0806,0.035775,-0.0008));
#2318=CARTESIAN_POINT('',(0.0806,-1.11022302462515E-18,-0.000799999999999991));
#2319=CARTESIAN_POINT('',(0.0806,0.0477,-0.0008));
#2320=CARTESIAN_POINT('',(0.0806,0.,0.));
#2321=CARTESIAN_POINT('',(0.0806,0.0477,0.));
#2322=CARTESIAN_POINT('',(0.0403,0.02325,-0.0008));
#2323=CARTESIAN_POINT('',(0.02807,0.04121,-0.0008));
#2324=CARTESIAN_POINT('',(0.064,0.04121,-0.0008));
#2325=CARTESIAN_POINT('',(0.01584,0.04121,-0.0008));
#2326=CARTESIAN_POINT('',(0.01584,0.01427,-0.0008));
#2327=CARTESIAN_POINT('',(0.01584,0.00528999999999981,-0.0008));
#2328=CARTESIAN_POINT('',(0.05215,0.00528999999999981,-0.0008));
#2329=CARTESIAN_POINT('',(0.064,0.00528999999999981,-0.0008));
#2330=CARTESIAN_POINT('',(0.064,0.03223,-0.0008));
#2331=CARTESIAN_POINT('',(0.0118,0.03415,-0.0008));
#2332=CARTESIAN_POINT('',(0.0118,0.0014499999999998,-0.0008));
#2333=CARTESIAN_POINT('',(0.0118,0.04505,-0.0008));
#2334=CARTESIAN_POINT('',(0.05635,0.04505,-0.0008));
#2335=CARTESIAN_POINT('',(0.0724,0.04505,-0.0008));
#2336=CARTESIAN_POINT('',(0.0724,0.01235,-0.0008));
#2337=CARTESIAN_POINT('',(0.0724,0.0014499999999998,-0.0008));
#2338=CARTESIAN_POINT('',(0.02605,0.0014499999999998,-0.0008));
#2339=CARTESIAN_POINT('',(0.079,0.0012,-0.0504));
#2340=CARTESIAN_POINT('',(0.079,0.0025,-0.0432));
#2341=CARTESIAN_POINT('',(0.079,0.0064,-0.0432));
#2342=CARTESIAN_POINT('',(0.079,0.00120000000000001,-0.0432));
#2343=CARTESIAN_POINT('',(0.079,0.0012,-0.0504));
#2344=CARTESIAN_POINT('',(0.079,0.0012,-0.0032));
#2345=CARTESIAN_POINT('',(0.079,0.012225,-0.0032));
#2346=CARTESIAN_POINT('',(0.079,0.0453,-0.0032));
#2347=CARTESIAN_POINT('',(0.079,0.0453,-0.0504));
#2348=CARTESIAN_POINT('',(0.079,0.0453,-0.0118));
#2349=CARTESIAN_POINT('',(0.079,0.02325,-0.0118));
#2350=CARTESIAN_POINT('',(0.079,0.0433,-0.0118));
#2351=CARTESIAN_POINT('',(0.079,0.0433,-0.03130000000002));
#2352=CARTESIAN_POINT('',(0.079,0.0433,-0.0126000000000799));
#2353=CARTESIAN_POINT('',(0.079,0.02325,-0.0126000000000799));
#2354=CARTESIAN_POINT('',(0.079,0.0453,-0.0126000000000799));
#2355=CARTESIAN_POINT('',(0.079,0.0453,-0.0504));
#2356=CARTESIAN_POINT('',(0.079,0.0453,-0.0432));
#2357=CARTESIAN_POINT('',(0.079,0.02195,-0.0432));
#2358=CARTESIAN_POINT('',(0.079,0.0401,-0.0432));
#2359=CARTESIAN_POINT('',(0.079,0.0401,-0.0504));
#2360=CARTESIAN_POINT('',(0.079,0.0064,-0.0504));
#2361=CARTESIAN_POINT('',(0.0016,0.0453,-0.0504));
#2362=CARTESIAN_POINT('',(0.0016,0.029065,-0.0168));
#2363=CARTESIAN_POINT('',(0.0016,0.01783,-0.0168));
#2364=CARTESIAN_POINT('',(0.0016,0.01283,-0.0168));
#2365=CARTESIAN_POINT('',(0.0016,0.01283,-0.0148));
#2366=CARTESIAN_POINT('',(0.0016,0.01283,-0.0128));
#2367=CARTESIAN_POINT('',(0.0016,0.031565,-0.0128));
#2368=CARTESIAN_POINT('',(0.0016,0.01783,-0.0128));
#2369=CARTESIAN_POINT('',(0.0016,0.01783,-0.0148));
#2370=CARTESIAN_POINT('',(0.0016,0.0377,-0.0148));
#2371=CARTESIAN_POINT('',(0.0016,0.0377,-0.0128));
#2372=CARTESIAN_POINT('',(0.0016,0.0064,-0.0504));
#2373=CARTESIAN_POINT('',(0.0016,0.0064,-0.0432));
#2374=CARTESIAN_POINT('',(0.0016,0.0401,-0.0504));
#2375=CARTESIAN_POINT('',(0.0016,0.0401,-0.0432));
#2376=CARTESIAN_POINT('',(0.0016,0.044,-0.0432));
#2377=CARTESIAN_POINT('',(0.0016,0.0453,-0.0432));
#2378=CARTESIAN_POINT('',(0.0016,0.0453,-0.0504));
#2379=CARTESIAN_POINT('',(0.0016,0.0453,-0.0032));
#2380=CARTESIAN_POINT('',(0.0016,0.034275,-0.0032));
#2381=CARTESIAN_POINT('',(0.0016,0.0012,-0.0032));
#2382=CARTESIAN_POINT('',(0.0016,0.0012,-0.0504));
#2383=CARTESIAN_POINT('',(0.0016,0.0012,-0.0432));
#2384=CARTESIAN_POINT('',(0.0016,0.02455,-0.0432));
#2385=CARTESIAN_POINT('',(0.0118,0.0014499999999998,-0.0008));
#2386=CARTESIAN_POINT('',(0.0724,0.0014499999999998,-0.0008));
#2387=CARTESIAN_POINT('',(0.0724,0.0014499999999998,-0.0024));
#2388=CARTESIAN_POINT('',(0.05705,0.0014499999999998,0.01295));
#2389=CARTESIAN_POINT('',(0.0732,0.0014499999999998,-0.0032));
#2390=CARTESIAN_POINT('',(0.0118,0.0014499999999998,-0.0032));
#2391=CARTESIAN_POINT('',(0.0118,0.0014499999999998,-0.0032));
#2392=CARTESIAN_POINT('',(0.0118,0.0014499999999998,-0.0008));
#2393=CARTESIAN_POINT('',(0.0724,0.04505,-0.0008));
#2394=CARTESIAN_POINT('',(0.0118,0.04505,-0.0008));
#2395=CARTESIAN_POINT('',(0.0118,0.04505,-0.0032));
#2396=CARTESIAN_POINT('',(0.0724,0.04505,-0.0032));
#2397=CARTESIAN_POINT('',(0.0732,0.04505,-0.0032));
#2398=CARTESIAN_POINT('',(0.0722,0.04505,-0.0022));
#2399=CARTESIAN_POINT('',(0.0724,0.04505,-0.0024));
#2400=CARTESIAN_POINT('',(0.0724,0.04505,-0.0008));
#2401=CARTESIAN_POINT('',(0.0118,0.04505,-0.0008));
#2402=CARTESIAN_POINT('',(0.0118,0.04505,-0.0032));
#2403=CARTESIAN_POINT('',(0.01584,0.00528999999999981,0.));
#2404=CARTESIAN_POINT('',(0.01584,0.01457,-0.0004));
#2405=CARTESIAN_POINT('',(0.01584,0.00528999999999981,-0.0004));
#2406=CARTESIAN_POINT('',(0.01584,0.04121,-0.0004));
#2407=CARTESIAN_POINT('',(0.01584,0.00528999999999981,0.));
#2408=CARTESIAN_POINT('',(0.01584,0.04121,0.));
#2409=CARTESIAN_POINT('',(0.064,0.00528999999999981,0.));
#2410=CARTESIAN_POINT('',(0.05215,0.00528999999999981,-0.0004));
#2411=CARTESIAN_POINT('',(0.064,0.00528999999999981,-0.0004));
#2412=CARTESIAN_POINT('',(0.064,0.00528999999999981,0.));
#2413=CARTESIAN_POINT('',(0.0724,0.0014499999999998,-0.0008));
#2414=CARTESIAN_POINT('',(0.0724,0.01235,-0.0024));
#2415=CARTESIAN_POINT('',(0.0728,0.01235,-0.0028));
#2416=CARTESIAN_POINT('',(0.0732,0.01235,-0.0032));
#2417=CARTESIAN_POINT('',(0.0403,0.02385,0.));
#2418=CARTESIAN_POINT('',(0.02807,0.04161,0.));
#2419=CARTESIAN_POINT('',(0.0644,0.04161,-6.86661375907486E-19));
#2420=CARTESIAN_POINT('',(0.01544,0.04161,-3.85494105772624E-19));
#2421=CARTESIAN_POINT('',(0.0644,0.03253,0.));
#2422=CARTESIAN_POINT('',(0.0644,0.00488999999999981,0.));
#2423=CARTESIAN_POINT('',(0.05215,0.00488999999999981,0.));
#2424=CARTESIAN_POINT('',(0.01544,0.00488999999999981,-3.85494105772622E-19));
#2425=CARTESIAN_POINT('',(0.01544,0.01457,0.));
#2426=CARTESIAN_POINT('',(0.0008,0.011925,0.));
#2427=CARTESIAN_POINT('',(0.000799999999999984,-3.7007434154172E-19,0.));
#2428=CARTESIAN_POINT('',(0.0008,0.0469,1.12034224490169E-18));
#2429=CARTESIAN_POINT('',(0.,0.,0.));
#2430=CARTESIAN_POINT('',(0.0798,-1.11022302462515E-18,8.26704156520197E-19));
#2431=CARTESIAN_POINT('',(0.0798,0.035775,0.));
#2432=CARTESIAN_POINT('',(0.0798,0.0469,3.08395284618099E-18));
#2433=CARTESIAN_POINT('',(0.02015,0.0469,0.));
#2434=CARTESIAN_POINT('',(0.01584,0.04121,0.));
#2435=CARTESIAN_POINT('',(0.02807,0.04121,-0.0004));
#2436=CARTESIAN_POINT('',(0.064,0.04121,-0.0004));
#2437=CARTESIAN_POINT('',(0.064,0.04121,0.));
#2438=CARTESIAN_POINT('',(0.064,0.04121,0.));
#2439=CARTESIAN_POINT('',(0.064,0.03253,-0.0004));
#2440=CARTESIAN_POINT('',(0.0642,0.03253,-0.0002));
#2441=CARTESIAN_POINT('',(0.064,0.04121,-0.0004));
#2442=CARTESIAN_POINT('',(0.0644,0.00488999999999981,0.));
#2443=CARTESIAN_POINT('',(0.05215,0.00508999999999981,-0.0002));
#2444=CARTESIAN_POINT('',(0.01544,0.00488999999999981,0.));
#2445=CARTESIAN_POINT('',(0.01564,0.01457,-0.0002));
#2446=CARTESIAN_POINT('',(0.01544,0.04161,0.));
#2447=CARTESIAN_POINT('',(0.02807,0.04141,-0.0002));
#2448=CARTESIAN_POINT('',(0.07553,0.02325,-0.0012));
#2449=CARTESIAN_POINT('',(0.07553,0.03214,-0.0012));
#2450=CARTESIAN_POINT('',(0.076329999999999,0.03214,-0.0012));
#2451=CARTESIAN_POINT('',(0.074730000000001,0.03214,-0.0012));
#2452=CARTESIAN_POINT('',(0.076329999999999,0.03214,-0.0012));
#2453=CARTESIAN_POINT('',(0.076329999999999,0.01436,-0.0012));
#2454=CARTESIAN_POINT('',(0.07553,0.01436,-0.0012));
#2455=CARTESIAN_POINT('',(0.074730000000001,0.01436,-0.0012));
#2456=CARTESIAN_POINT('',(0.074730000000001,0.01436,-0.0012));
#2457=CARTESIAN_POINT('',(0.07553,0.03214,-0.0032));
#2458=CARTESIAN_POINT('',(0.07553,0.03214,-0.0024));
#2459=CARTESIAN_POINT('',(0.076329999999999,0.03214,-0.0024));
#2460=CARTESIAN_POINT('',(0.074730000000001,0.03214,-0.0024));
#2461=CARTESIAN_POINT('',(0.076329999999999,0.03214,-0.0032));
#2462=CARTESIAN_POINT('',(0.074730000000001,0.03214,-0.0032));
#2463=CARTESIAN_POINT('',(0.076329999999999,0.01436,-0.0032));
#2464=CARTESIAN_POINT('',(0.076329999999999,0.018805,-0.0024));
#2465=CARTESIAN_POINT('',(0.076329999999999,0.01436,-0.0024));
#2466=CARTESIAN_POINT('',(0.076329999999999,0.01436,-0.0032));
#2467=CARTESIAN_POINT('',(0.074730000000001,0.03214,-0.0032));
#2468=CARTESIAN_POINT('',(0.074730000000001,0.027695,-0.0024));
#2469=CARTESIAN_POINT('',(0.074730000000001,0.01436,-0.0024));
#2470=CARTESIAN_POINT('',(0.074730000000001,0.01436,-0.0032));
#2471=CARTESIAN_POINT('',(0.07553,0.01436,-0.0032));
#2472=CARTESIAN_POINT('',(0.07553,0.01436,-0.0024));
#2473=CARTESIAN_POINT('',(0.07553,0.03214,-0.0028));
#2474=CARTESIAN_POINT('',(0.073930000000001,0.03214,-0.0032));
#2475=CARTESIAN_POINT('',(0.073930000000001,0.03214,-0.0032));
#2476=CARTESIAN_POINT('',(0.07553,0.03214,-0.0032));
#2477=CARTESIAN_POINT('',(0.077129999999999,0.03214,-0.0032));
#2478=CARTESIAN_POINT('',(0.076329999999999,0.03214,-0.0024));
#2479=CARTESIAN_POINT('',(0.076729999999999,0.018805,-0.0028));
#2480=CARTESIAN_POINT('',(0.077129999999999,0.018805,-0.0032));
#2481=CARTESIAN_POINT('',(0.077129999999999,0.01436,-0.0032));
#2482=CARTESIAN_POINT('',(0.076329999999999,0.01436,-0.0024));
#2483=CARTESIAN_POINT('',(0.07553,0.01436,-0.0028));
#2484=CARTESIAN_POINT('',(0.07553,0.01436,-0.0032));
#2485=CARTESIAN_POINT('',(0.073930000000001,0.01436,-0.0032));
#2486=CARTESIAN_POINT('',(0.074730000000001,0.01436,-0.0024));
#2487=CARTESIAN_POINT('',(0.074330000000001,0.027695,-0.0028));
#2488=CARTESIAN_POINT('',(0.073930000000001,0.027695,-0.0032));
#2489=CARTESIAN_POINT('',(0.01007,0.04227,-0.0022));
#2490=CARTESIAN_POINT('',(0.01007,0.00422999999999968,-0.0022));
#2491=CARTESIAN_POINT('',(0.00847,0.00422999999999968,-0.0022));
#2492=CARTESIAN_POINT('',(0.01007,0.00422999999999968,-0.0032));
#2493=CARTESIAN_POINT('',(0.01007,0.00422999999999968,-0.0032));
#2494=CARTESIAN_POINT('',(0.00847,0.00422999999999968,-0.0032));
#2495=CARTESIAN_POINT('',(0.01007,0.04227,-0.0022));
#2496=CARTESIAN_POINT('',(0.01007,0.04227,-0.0022));
#2497=CARTESIAN_POINT('',(0.00847,0.04227,-0.0022));
#2498=CARTESIAN_POINT('',(0.01007,0.04227,-0.0032));
#2499=CARTESIAN_POINT('',(0.01007,0.04227,-0.0032));
#2500=CARTESIAN_POINT('',(0.00847,0.04227,-0.0032));
#2501=CARTESIAN_POINT('',(0.004284,0.04227,-0.0002));
#2502=CARTESIAN_POINT('',(0.07563,0.00422999999999995,-0.0002));
#2503=CARTESIAN_POINT('',(0.07443,0.00422999999999995,-0.0002));
#2504=CARTESIAN_POINT('',(0.004284,0.04227,-0.0002));
#2505=CARTESIAN_POINT('',(0.07563,0.04227,-0.0002));
#2506=CARTESIAN_POINT('',(0.07443,0.04227,-0.0002));
#2507=CARTESIAN_POINT('',(0.004284,0.04227,-0.0002));
#2508=CARTESIAN_POINT('',(0.004284,0.04227,-0.0002));
#2509=CARTESIAN_POINT('',(0.003084,0.04227,-0.0002));
#2510=CARTESIAN_POINT('',(0.004284,0.04227,-0.0002));
#2511=CARTESIAN_POINT('',(0.004284,0.00422999999999993,-0.0002));
#2512=CARTESIAN_POINT('',(0.003084,0.00422999999999993,-0.0002));
#2513=CARTESIAN_POINT('',(0.07563,0.04227,-0.0032));
#2514=CARTESIAN_POINT('',(0.07563,0.04227,-0.0028));
#2515=CARTESIAN_POINT('',(0.07443,0.04227,-0.0028));
#2516=CARTESIAN_POINT('',(0.07563,0.04227,-0.003));
#2517=CARTESIAN_POINT('',(0.07563,0.04227,-0.0032));
#2518=CARTESIAN_POINT('',(0.07403,0.04227,-0.0032));
#2519=CARTESIAN_POINT('',(0.07563,0.00422999999999995,-0.0032));
#2520=CARTESIAN_POINT('',(0.07563,0.00422999999999995,-0.0028));
#2521=CARTESIAN_POINT('',(0.07443,0.00422999999999995,-0.0028));
#2522=CARTESIAN_POINT('',(0.07563,0.00422999999999995,-0.003));
#2523=CARTESIAN_POINT('',(0.07563,0.00422999999999995,-0.0032));
#2524=CARTESIAN_POINT('',(0.07403,0.00422999999999995,-0.0032));
#2525=CARTESIAN_POINT('',(0.004284,0.00422999999999993,-0.0032));
#2526=CARTESIAN_POINT('',(0.004284,0.00422999999999993,-0.0028));
#2527=CARTESIAN_POINT('',(0.003084,0.00422999999999993,-0.0028));
#2528=CARTESIAN_POINT('',(0.004284,0.00422999999999993,-0.003));
#2529=CARTESIAN_POINT('',(0.004284,0.00422999999999993,-0.0032));
#2530=CARTESIAN_POINT('',(0.002684,0.00422999999999993,-0.0032));
#2531=CARTESIAN_POINT('',(0.004284,0.04227,-0.0032));
#2532=CARTESIAN_POINT('',(0.004284,0.04227,-0.0028));
#2533=CARTESIAN_POINT('',(0.003084,0.04227,-0.0028));
#2534=CARTESIAN_POINT('',(0.0403,0.02325,-0.0032));
#2535=CARTESIAN_POINT('',(0.004284,0.04227,-0.0032));
#2536=CARTESIAN_POINT('',(0.002684,0.04227,-0.0032));
#2537=CARTESIAN_POINT('',(0.02095,0.0012,-0.0032));
#2538=CARTESIAN_POINT('',(0.05965,0.0453,-0.0032));
#2539=CARTESIAN_POINT('',(0.004284,0.04227,-0.003));
#2540=CARTESIAN_POINT('',(0.0404307584068982,0.0477,-0.0256));
#2541=CARTESIAN_POINT('',(0.0404307584068982,0.0405,-0.0256));
#2542=CARTESIAN_POINT('',(0.0368307584068982,0.0405,-0.0256));
#2543=CARTESIAN_POINT('',(0.0404307584068982,0.0381,-0.0256));
#2544=CARTESIAN_POINT('',(0.0368307584068982,0.0381,-0.0256));
#2545=CARTESIAN_POINT('',(0.0404307584068982,0.0405,-0.0256));
#2546=CARTESIAN_POINT('',(0.0404307584068982,0.0405,-0.0256));
#2547=CARTESIAN_POINT('',(0.0284307584068982,0.0405,-0.0256));
#2548=CARTESIAN_POINT('',(0.0404307584068982,0.0477,-0.0256));
#2549=CARTESIAN_POINT('',(0.0404307584068982,0.0457,-0.0256));
#2550=CARTESIAN_POINT('',(0.0232307584068982,0.0457,-0.0256));
#2551=CARTESIAN_POINT('',(0.0404307584068982,0.0477,-0.0256));
#2552=CARTESIAN_POINT('',(0.0232307584068982,0.0477,-0.0256));
#2553=CARTESIAN_POINT('',(0.0404307584068982,0.0457,-0.0256));
#2554=CARTESIAN_POINT('',(0.0303544740731411,0.0453,-0.0116795576422761));
#2555=CARTESIAN_POINT('',(0.0304861622472645,0.0442918746594591,-0.0116802519703348));
#2556=CARTESIAN_POINT('',(0.0317495478114844,0.0425688244737316,-0.0116869131914508));
#2557=CARTESIAN_POINT('',(0.0345608860840016,0.0413896345360275,-0.0117017360186188));
#2558=CARTESIAN_POINT('',(0.0375268786741477,0.0409205476913123,-0.0117173742632139));
#2559=CARTESIAN_POINT('',(0.0405042648331349,0.0408097684090304,-0.0117330725805877));
#2560=CARTESIAN_POINT('',(0.0434793169482092,0.0409209905596493,-0.0117487585916766));
#2561=CARTESIAN_POINT('',(0.046456290686849,0.0413882535646998,-0.0117644547345574));
#2562=CARTESIAN_POINT('',(0.0487922467983322,0.0423852904453192,-0.0117767711014816));
#2563=CARTESIAN_POINT('',(0.0502096724618235,0.0438462626329429,-0.0117842445015484));
#2564=CARTESIAN_POINT('',(0.0505876977990807,0.0447980189776156,-0.0117862376463414));
#2565=CARTESIAN_POINT('',(0.0506532699671674,0.0453,-0.0117865833766735));
#2566=CARTESIAN_POINT('',(0.0303544740731411,0.0453,-0.0116795576422761));
#2567=CARTESIAN_POINT('',(0.0506532699671674,0.0453,-0.0117865833766735));
#2568=CARTESIAN_POINT('',(0.0404307584068982,0.0453,-0.0256));
#2569=CARTESIAN_POINT('',(0.0404307584068982,0.0381,-0.0256));
#2570=CARTESIAN_POINT('',(0.0404307584068982,0.0381,-0.0256));
#2571=CARTESIAN_POINT('',(0.0268307584068982,0.0381,-0.0256));
#2572=CARTESIAN_POINT('',(0.0404307584068982,0.0433,-0.0256));
#2573=CARTESIAN_POINT('',(0.0404307584068982,0.0433,-0.0256));
#2574=CARTESIAN_POINT('',(0.0278098402986067,0.0433,-0.0116661410189496));
#2575=CARTESIAN_POINT('',(0.0269877261853438,0.0433,-0.0124575160379654));
#2576=CARTESIAN_POINT('',(0.0404307584068982,0.0433,-0.0256));
#2577=CARTESIAN_POINT('',(0.0540116273040666,0.0433,-0.0126000000000799));
#2578=CARTESIAN_POINT('',(0.0404307584068982,0.0433,-0.0256));
#2579=CARTESIAN_POINT('',(0.0531979037417019,0.0433,-0.0118));
#2580=CARTESIAN_POINT('',(0.0531979037417019,0.0433,-0.0118));
#2581=CARTESIAN_POINT('',(0.0531979037417019,0.0426544290209575,-0.0118));
#2582=CARTESIAN_POINT('',(0.0528315767423004,0.0413960052638225,-0.0117980685348852));
#2583=CARTESIAN_POINT('',(0.0514992710626432,0.0399656281185896,-0.0117910439313299));
#2584=CARTESIAN_POINT('',(0.049808762092738,0.0390501508260935,-0.0117821306950496));
#2585=CARTESIAN_POINT('',(0.0473501136703984,0.0383429377025223,-0.0117691674309033));
#2586=CARTESIAN_POINT('',(0.0442222923298079,0.0381090782168698,-0.0117526759415663));
#2587=CARTESIAN_POINT('',(0.0404605246916729,0.0381060542294757,-0.0117328419599742));
#2588=CARTESIAN_POINT('',(0.0366987584811455,0.0381079189068085,-0.0117130079859092));
#2589=CARTESIAN_POINT('',(0.0335523703737797,0.0383642957872469,-0.0116964186029897));
#2590=CARTESIAN_POINT('',(0.0311732820229838,0.0390625290501769,-0.011683874820626));
#2591=CARTESIAN_POINT('',(0.0294855443490917,0.0399840841837925,-0.0116749761960494));
#2592=CARTESIAN_POINT('',(0.0281750284378507,0.0414019695952985,-0.0116680664794055));
#2593=CARTESIAN_POINT('',(0.0278098402986067,0.0426598533022015,-0.0116661410189496));
#2594=CARTESIAN_POINT('',(0.0278098402986067,0.0433,-0.0116661410189496));
#2595=CARTESIAN_POINT('',(0.0278098402986067,0.0453,-0.0116661410189496));
#2596=CARTESIAN_POINT('',(0.0531979037417019,0.0477,-0.0118));
#2597=CARTESIAN_POINT('',(0.0531979037417019,0.0453,-0.0118));
#2598=CARTESIAN_POINT('',(0.0531979037417019,0.0453,-0.0118));
#2599=CARTESIAN_POINT('',(0.0531979037417019,0.0453,-0.0118));
#2600=CARTESIAN_POINT('',(0.0278098402986067,0.0453,-0.0116661410189496));
#2601=CARTESIAN_POINT('',(0.0278098402986067,0.0477,-0.0116661410189496));
#2602=CARTESIAN_POINT('',(0.0149052915371972,0.0433,-0.0119257903344201));
#2603=CARTESIAN_POINT('',(0.079,0.0433,-0.0126000000000799));
#2604=CARTESIAN_POINT('',(0.0531979037417019,0.0433,-0.0118));
#2605=CARTESIAN_POINT('',(0.0540116273040666,0.0453,-0.0126000000000799));
#2606=CARTESIAN_POINT('',(0.0665058136520333,0.0453,-0.0126000000000799));
#2607=CARTESIAN_POINT('',(0.0540116273040666,0.0453,-0.0126000000000799));
#2608=CARTESIAN_POINT('',(0.0540116273040666,0.0477,-0.0126000000000799));
#2609=CARTESIAN_POINT('',(0.079,0.0453,-0.0118));
#2610=CARTESIAN_POINT('',(0.079,0.0453,-0.0118));
#2611=CARTESIAN_POINT('',(0.0404307584068982,0.0477,-0.0256));
#2612=CARTESIAN_POINT('',(0.0269877261854206,0.0477,-0.0124575160379662));
#2613=CARTESIAN_POINT('',(0.0269877261853438,0.0453,-0.0124575160379654));
#2614=CARTESIAN_POINT('',(0.0404307584068982,0.0453,-0.0256));
#2615=CARTESIAN_POINT('',(0.0149052915371972,0.0433,-0.0119257903344201));
#2616=CARTESIAN_POINT('',(0.0278098402986067,0.0433,-0.0116661410189496));
#2617=CARTESIAN_POINT('',(0.00200917856752913,0.0433,-0.0113940646307946));
#2618=CARTESIAN_POINT('',(0.00200074277578783,0.0433,-0.0121940201529442));
#2619=CARTESIAN_POINT('',(0.00200074277578783,0.0433,-0.0121940201529442));
#2620=CARTESIAN_POINT('',(0.00200074277578783,0.0433,-0.0121940201529442));
#2621=CARTESIAN_POINT('',(0.0278098402986067,0.0453,-0.0116661410189496));
#2622=CARTESIAN_POINT('',(0.0536062820688629,0.0453,-0.0119381729062422));
#2623=CARTESIAN_POINT('',(0.00200917856752913,0.0453,-0.0113940646307946));
#2624=CARTESIAN_POINT('',(0.00200917856752913,0.0453,-0.0113940646307946));
#2625=CARTESIAN_POINT('',(0.00200917856752913,0.0453,-0.0113940646307946));
#2626=CARTESIAN_POINT('',(0.00180781664796958,0.0453,-0.0304889622340273));
#2627=CARTESIAN_POINT('',(0.00200074277578783,0.0453,-0.0121940201529442));
#2628=CARTESIAN_POINT('',(0.00200074277578783,0.0453,-0.0121940201529442));
#2629=CARTESIAN_POINT('',(0.00200074277578783,0.0453,-0.0121940201529442));
#2630=CARTESIAN_POINT('',(0.0406975154115828,0.0453,-0.0126020902343143));
#2631=CARTESIAN_POINT('',(-4.79633326323515E-35,0.01283,-0.0148));
#2632=CARTESIAN_POINT('',(0.0004,0.01283,-0.0148));
#2633=CARTESIAN_POINT('',(0.0004,0.01283,-0.0128));
#2634=CARTESIAN_POINT('',(0.0004,0.01283,-0.0168));
#2635=CARTESIAN_POINT('',(-4.79633326323515E-35,0.01283,-0.0128));
#2636=CARTESIAN_POINT('',(-4.79633326323515E-35,0.01283,-0.0168));
#2637=CARTESIAN_POINT('',(-4.79633326323515E-35,0.01283,-0.0168));
#2638=CARTESIAN_POINT('',(0.0004,0.006415,-0.0168));
#2639=CARTESIAN_POINT('',(0.0004,0.01783,-0.0168));
#2640=CARTESIAN_POINT('',(-6.66552003768377E-35,0.01783,-0.0168));
#2641=CARTESIAN_POINT('',(-1.40936682793426E-34,0.0377,-0.0148));
#2642=CARTESIAN_POINT('',(0.0004,0.0377,-0.0148));
#2643=CARTESIAN_POINT('',(0.0004,0.0377,-0.0128));
#2644=CARTESIAN_POINT('',(0.0002,0.0377,-0.0148));
#2645=CARTESIAN_POINT('',(0.,0.0377,-0.0148));
#2646=CARTESIAN_POINT('',(0.,0.0377,-0.0124));
#2647=CARTESIAN_POINT('',(-6.66552003768377E-35,0.01783,-0.0148));
#2648=CARTESIAN_POINT('',(0.0004,0.01783,-0.0148));
#2649=CARTESIAN_POINT('',(0.0004,0.01783,-0.0128));
#2650=CARTESIAN_POINT('',(-6.66552003768376E-35,0.01783,-0.0128));
#2651=CARTESIAN_POINT('',(-6.66552003768376E-35,0.01783,-0.0128));
#2652=CARTESIAN_POINT('',(0.0004,0.008915,-0.0128));
#2653=CARTESIAN_POINT('',(0.0002,0.006415,-0.017));
#2654=CARTESIAN_POINT('',(7.53236710471012E-51,0.01783,-0.0172));
#2655=CARTESIAN_POINT('',(4.45195779707578E-52,0.01783,-0.0172));
#2656=CARTESIAN_POINT('',(0.,0.006415,-0.0172));
#2657=CARTESIAN_POINT('',(7.40871484531761E-19,0.01283,-0.0172));
#2658=CARTESIAN_POINT('',(0.0004,0.01283,-0.0168));
#2659=CARTESIAN_POINT('',(0.0002,0.01283,-0.0148));
#2660=CARTESIAN_POINT('',(0.,0.01283,-0.0148));
#2661=CARTESIAN_POINT('',(-1.0842021724855E-19,0.01283,-0.0124));
#2662=CARTESIAN_POINT('',(0.0004,0.01283,-0.0128));
#2663=CARTESIAN_POINT('',(0.0002,0.008915,-0.0126));
#2664=CARTESIAN_POINT('',(0.,0.008915,-0.0124));
#2665=CARTESIAN_POINT('',(-3.97540796578019E-19,0.01783,-0.0124));
#2666=CARTESIAN_POINT('',(0.0004,0.01783,-0.0128));
#2667=CARTESIAN_POINT('',(0.0002,0.01783,-0.0148));
#2668=CARTESIAN_POINT('',(0.,0.01783,-0.0148));
#2669=CARTESIAN_POINT('',(0.0016,0.0401,-0.0504));
#2670=CARTESIAN_POINT('',(0.0047,0.0401,-0.0463));
#2671=CARTESIAN_POINT('',(0.0068,0.0401,-0.0484));
#2672=CARTESIAN_POINT('',(0.0068,0.0401,-0.0504));
#2673=CARTESIAN_POINT('',(0.0068,0.0401,-0.0504));
#2674=CARTESIAN_POINT('',(0.0068,0.0414,-0.0484));
#2675=CARTESIAN_POINT('',(0.0068,0.0453,-0.0484));
#2676=CARTESIAN_POINT('',(0.0068,0.0453,-0.0504));
#2677=CARTESIAN_POINT('',(0.079,0.0453,-0.0504));
#2678=CARTESIAN_POINT('',(0.0738,0.0453,-0.0504));
#2679=CARTESIAN_POINT('',(0.0738,0.0453,-0.0484));
#2680=CARTESIAN_POINT('',(0.0759,0.0453,-0.0463));
#2681=CARTESIAN_POINT('',(0.02405,0.0453,-0.06565));
#2682=CARTESIAN_POINT('',(0.0016,0.0012,-0.0504));
#2683=CARTESIAN_POINT('',(0.0738,0.0012,-0.0504));
#2684=CARTESIAN_POINT('',(0.0738,0.0012,-0.0484));
#2685=CARTESIAN_POINT('',(0.0068,0.0012,-0.0504));
#2686=CARTESIAN_POINT('',(0.0068,0.0012,-0.0484));
#2687=CARTESIAN_POINT('',(0.0047,0.0012,-0.0463));
#2688=CARTESIAN_POINT('',(0.05655,0.0012,-0.06565));
#2689=CARTESIAN_POINT('',(0.0068,0.0064,-0.0504));
#2690=CARTESIAN_POINT('',(0.0759,0.0064,-0.0463));
#2691=CARTESIAN_POINT('',(0.0738,0.0064,-0.0484));
#2692=CARTESIAN_POINT('',(0.0738,0.0064,-0.0504));
#2693=CARTESIAN_POINT('',(0.0738,0.0453,-0.0504));
#2694=CARTESIAN_POINT('',(0.0738,0.0051,-0.0484));
#2695=CARTESIAN_POINT('',(0.0042,0.0414,-0.0458));
#2696=CARTESIAN_POINT('',(0.0042,0.0427,-0.0458));
#2697=CARTESIAN_POINT('',(0.0036,0.0435,-0.0452));
#2698=CARTESIAN_POINT('',(0.0036,0.0419,-0.0452));
#2699=CARTESIAN_POINT('',(0.0036,0.04205,-0.0452));
#2700=CARTESIAN_POINT('',(0.0068,0.0401,-0.0504));
#2701=CARTESIAN_POINT('',(0.0068,0.0025,-0.0484));
#2702=CARTESIAN_POINT('',(0.0068,0.0064,-0.0484));
#2703=CARTESIAN_POINT('',(0.0068,0.0064,-0.0504));
#2704=CARTESIAN_POINT('',(0.0068,0.0064,-0.0504));
#2705=CARTESIAN_POINT('',(0.006,0.0064,-0.0476));
#2706=CARTESIAN_POINT('',(0.0042,0.0414,-0.0458));
#2707=CARTESIAN_POINT('',(0.0042,0.0038,-0.0458));
#2708=CARTESIAN_POINT('',(0.0036,0.0046,-0.0452));
#2709=CARTESIAN_POINT('',(0.0036,0.003,-0.0452));
#2710=CARTESIAN_POINT('',(0.0036,0.00315,-0.0452));
#2711=CARTESIAN_POINT('',(0.0764,0.044,-0.0458));
#2712=CARTESIAN_POINT('',(0.0764,0.0038,-0.0458));
#2713=CARTESIAN_POINT('',(0.077,0.003,-0.0452));
#2714=CARTESIAN_POINT('',(0.077,0.0046,-0.0452));
#2715=CARTESIAN_POINT('',(0.077,0.00445,-0.0452));
#2716=CARTESIAN_POINT('',(0.0738,0.0453,-0.0504));
#2717=CARTESIAN_POINT('',(0.0738,0.044,-0.0484));
#2718=CARTESIAN_POINT('',(0.0738,0.0401,-0.0484));
#2719=CARTESIAN_POINT('',(0.0738,0.0401,-0.0504));
#2720=CARTESIAN_POINT('',(0.0016,0.0401,-0.0504));
#2721=CARTESIAN_POINT('',(0.0746,0.0401,-0.0476));
#2722=CARTESIAN_POINT('',(0.0764,0.044,-0.0458));
#2723=CARTESIAN_POINT('',(0.0764,0.0427,-0.0458));
#2724=CARTESIAN_POINT('',(0.077,0.0419,-0.0452));
#2725=CARTESIAN_POINT('',(0.077,0.0435,-0.0452));
#2726=CARTESIAN_POINT('',(0.077,0.04335,-0.0452));
#2727=CARTESIAN_POINT('',(0.0764,0.0038,-0.0504));
#2728=CARTESIAN_POINT('',(0.0764,0.0038,-0.0452));
#2729=CARTESIAN_POINT('',(0.0042,0.0427,-0.0452));
#2730=CARTESIAN_POINT('',(0.0042,0.0038,-0.0504));
#2731=CARTESIAN_POINT('',(0.0042,0.0038,-0.0452));
#2732=CARTESIAN_POINT('',(0.0042,0.0427,-0.0452));
#2733=CARTESIAN_POINT('',(0.0764,0.0427,-0.0504));
#2734=CARTESIAN_POINT('',(0.0764,0.0427,-0.0452));
#2735=CARTESIAN_POINT('',(0.0042,0.0427,-0.0452));
#2736=CARTESIAN_POINT('',(0.0042,0.0427,-0.0504));
#2737=CARTESIAN_POINT('',(0.0042,0.0427,-0.0452));
#2738=CARTESIAN_POINT('',(0.0042,0.0427,-0.0452));
#2739=CARTESIAN_POINT('',(0.,0.0477,0.));
#2740=CARTESIAN_POINT('',(0.02015,0.0477,-0.0008));
#2741=CARTESIAN_POINT('',(2.31296463463574E-18,0.0477,-0.0008));
#2742=CARTESIAN_POINT('',(3.46667389989702E-35,0.0477,0.));
#2743=CARTESIAN_POINT('',(0.,0.,0.));
#2744=CARTESIAN_POINT('',(0.,0.011925,-0.0008));
#2745=CARTESIAN_POINT('',(-1.15648231731787E-18,-3.7007434154172E-19,-0.000799999999999983));
#2746=CARTESIAN_POINT('',(0.,0.,0.));
#2747=CARTESIAN_POINT('',(0.0806,0.,0.));
#2748=CARTESIAN_POINT('',(0.02055,-1.11022302462516E-18,0.01975));
#2749=CARTESIAN_POINT('',(0.0802,-2.22044604925031E-18,-0.0004));
#2750=CARTESIAN_POINT('',(0.0004,0.011925,-0.0004));
#2751=CARTESIAN_POINT('',(3.46667389989702E-35,0.0477,-0.0008));
#2752=CARTESIAN_POINT('',(0.0802,0.035775,-0.0004));
#2753=CARTESIAN_POINT('',(0.0798,0.0469,0.));
#2754=CARTESIAN_POINT('',(0.02015,0.0473,-0.0004));
#2755=MECHANICAL_DESIGN_GEOMETRIC_PRESENTATION_REPRESENTATION('',(#1648),
#2756);
#2756=(
GEOMETRIC_REPRESENTATION_CONTEXT(3)
GLOBAL_UNCERTAINTY_ASSIGNED_CONTEXT((#2757))
GLOBAL_UNIT_ASSIGNED_CONTEXT((#2760,#2759,#2758))
REPRESENTATION_CONTEXT('Crescendo Case 2.0','TOP_LEVEL_ASSEMBLY_PART')
);
#2757=UNCERTAINTY_MEASURE_WITH_UNIT(LENGTH_MEASURE(2.E-5),#2760,
'DISTANCE_ACCURACY_VALUE','Maximum Tolerance applied to model');
#2758=(
NAMED_UNIT(*)
SI_UNIT($,.STERADIAN.)
SOLID_ANGLE_UNIT()
);
#2759=(
NAMED_UNIT(*)
PLANE_ANGLE_UNIT()
SI_UNIT($,.RADIAN.)
);
#2760=(
LENGTH_UNIT()
NAMED_UNIT(*)
SI_UNIT($,.METRE.)
);
#2761=PRODUCT_DEFINITION_SHAPE('','',#2762);
#2762=PRODUCT_DEFINITION('','',#2764,#2763);
#2763=PRODUCT_DEFINITION_CONTEXT('',#2770,'design');
#2764=PRODUCT_DEFINITION_FORMATION_WITH_SPECIFIED_SOURCE('','',#2766,
 .NOT_KNOWN.);
#2765=PRODUCT_RELATED_PRODUCT_CATEGORY('','',(#2766));
#2766=PRODUCT('Crescendo Case 2.0','Crescendo Case 2.0',
'Crescendo Case 2.0',(#2768));
#2767=PRODUCT_CATEGORY('','');
#2768=PRODUCT_CONTEXT('',#2770,'mechanical');
#2769=APPLICATION_PROTOCOL_DEFINITION('international standard',
'ap242_managed_model_based_3d_engineering',2020,#2770);
#2770=APPLICATION_CONTEXT('managed model based 3d engineering');
ENDSEC;
END-ISO-10303-21;
